NO,DOMAIN,REACTION_TYPE,SCENE_NUM,SCENE_TYPE,TEXT
1,직장1,인지,1,공통 시나리오 - Scene 1,"백설은 팀 프로젝트 회의에서 자신이 정리한 자료를 발표하고 있다. 발표 도중, 자료에 몇 가지 숫자가 잘못 입력된 것을 팀원이 발견한다."
1,직장1,인지,2,공통 시나리오 - Scene 2,"팀장은 여러 사람이 있는 자리에서 백설에게 자료를 다시 확인해 달라고 말한다. 백설은 평소에도 사소한 내용을 빠뜨리거나 실수하는 일이 종종 있다는 것을 알고 있다. 회의는 계속 진행되지만, 백설은 방금 지적받은 일이 계속 마음에 남는다."
1,직장1,인지,3,세부 시나리오(인지) - Scene 1,회의가 끝난 뒤에도 백설의 머릿속에는 지적받았던 장면이 반복해서 떠오른다.
1,직장1,인지,4,세부 시나리오(인지) - Scene 2,"‘왜 발표 전에 한 번 더 확인하지 않았을까?’ ‘다른 사람들도 내가 실수가 많은 사람이라고 생각했을까?’ 백설은 실수를 수정하려고 자료를 다시 열어보지만, 정작 업무에 집중하기보다는 자신의 실수와 팀원들의 반응을 계속 곱씹게 된다. 퇴근한 뒤에도 그 장면이 떠올라 다른 일에 쉽게 집중하지 못한다."
1,직장1,정서,1,공통 시나리오 - Scene 1,"백설은 팀 프로젝트 회의에서 자신이 정리한 자료를 발표하고 있다. 발표 도중, 자료에 몇 가지 숫자가 잘못 입력된 것을 팀원이 발견한다."
1,직장1,정서,2,공통 시나리오 - Scene 2,"팀장은 여러 사람이 있는 자리에서 백설에게 자료를 다시 확인해 달라고 말한다. 백설은 평소에도 사소한 내용을 빠뜨리거나 실수하는 일이 종종 있다는 것을 알고 있다. 회의는 계속 진행되지만, 백설은 방금 지적받은 일이 계속 마음에 남는다."
1,직장1,정서,3,세부 시나리오(정서) - Scene 1,지적을 받은 순간 백설은 얼굴이 뜨거워지고 가슴이 답답해지는 것을 느낀다. 회의가 끝난 뒤에도 마음이 쉽게 진정되지 않는다.
1,직장1,정서,4,세부 시나리오(정서) - Scene 2,"부끄러운 것인지, 속상한 것인지, 화가 난 것인지 여러 감정이 한꺼번에 올라오지만, 백설은 자신이 정확히 어떤 마음인지 잘 알지 못한다. 괜찮은 척 업무를 이어가지만, 누군가 말을 걸면 평소보다 예민하게 반응하게 된다."
1,직장1,행동,1,공통 시나리오 - Scene 1,"백설은 팀 프로젝트 회의에서 자신이 정리한 자료를 발표하고 있다. 발표 도중, 자료에 몇 가지 숫자가 잘못 입력된 것을 팀원이 발견한다."
1,직장1,행동,2,공통 시나리오 - Scene 2,"팀장은 여러 사람이 있는 자리에서 백설에게 자료를 다시 확인해 달라고 말한다. 백설은 평소에도 사소한 내용을 빠뜨리거나 실수하는 일이 종종 있다는 것을 알고 있다. 회의는 계속 진행되지만, 백설은 방금 지적받은 일이 계속 마음에 남는다."
1,직장1,행동,3,세부 시나리오(행동) - Scene 1,"지적을 받은 순간 백설은 회의실에 계속 앉아 있는 것이 답답하게 느껴진다. 회의가 끝나기도 전에 물을 마시고 오겠다고 말한 뒤, 자신도 모르게 회의실 밖으로 나온다."
1,직장1,행동,4,세부 시나리오(행동) - Scene 2,"복도에 나온 백설은 잠시 마음이 편해지는 것 같지만, 다시 회의실로 들어가야 한다는 생각에 발걸음이 쉽게 떨어지지 않는다. 이후 팀장이 수정 내용을 메시지로 보내지만, 백설은 바로 확인하지 못한다."
2,직장2,인지,1,공통 시나리오 - Scene 1,"백설은 오전까지 팀원에게 전달하기로 한 중요한 자료가 있었다. 출근 직후에는 그 일을 기억하고 있었지만, 급하게 들어온 메일에 답하고 다른 업무를 처리하다 보니 어느새 자료 전달을 완전히 잊어버렸다."
2,직장2,인지,2,공통 시나리오 - Scene 2,오후가 되어 팀원에게서 “요청드린 자료는 언제쯤 받을 수 있을까요?”라는 메시지가 도착한다. 그제야 백설은 자신이 약속한 업무를 처리하지 않았다는 사실을 깨닫는다. 팀원은 그 자료를 받아야 다음 작업을 진행할 수 있는 상황이다.
2,직장2,인지,3,세부 시나리오(인지) - Scene 1,백설은 서둘러 업무를 시작하지만 ‘왜 또 잊어버렸을까’라는 생각이 계속 맴돈다.
2,직장2,인지,4,세부 시나리오(인지) - Scene 2,이전에 놓쳤던 일들까지 떠올리며 자신은 중요한 일도 제대로 기억하지 못하는 사람이라고 스스로를 과도하게 비판한다.
2,직장2,정서,1,공통 시나리오 - Scene 1,"백설은 오전까지 팀원에게 전달하기로 한 중요한 자료가 있었다. 출근 직후에는 그 일을 기억하고 있었지만, 급하게 들어온 메일에 답하고 다른 업무를 처리하다 보니 어느새 자료 전달을 완전히 잊어버렸다."
2,직장2,정서,2,공통 시나리오 - Scene 2,오후가 되어 팀원에게서 “요청드린 자료는 언제쯤 받을 수 있을까요?”라는 메시지가 도착한다. 그제야 백설은 자신이 약속한 업무를 처리하지 않았다는 사실을 깨닫는다. 팀원은 그 자료를 받아야 다음 작업을 진행할 수 있는 상황이다.
2,직장2,정서,3,세부 시나리오(정서) - Scene 1,": 백설은 당황스럽고 미안하며 부끄러운 감정이 한꺼번에 올라오지만, 자신이 정확히 어떤 마음인지 잘 알지 못한다."
2,직장2,정서,4,세부 시나리오(정서) - Scene 2,아무렇지 않은 척 감정을 억누르다가 팀원이 다시 진행 상황을 묻자 평소보다 딱딱하고 날카롭게 대답한다.
2,직장2,행동,1,공통 시나리오 - Scene 1,"백설은 오전까지 팀원에게 전달하기로 한 중요한 자료가 있었다. 출근 직후에는 그 일을 기억하고 있었지만, 급하게 들어온 메일에 답하고 다른 업무를 처리하다 보니 어느새 자료 전달을 완전히 잊어버렸다."
2,직장2,행동,2,공통 시나리오 - Scene 2,오후가 되어 팀원에게서 “요청드린 자료는 언제쯤 받을 수 있을까요?”라는 메시지가 도착한다. 그제야 백설은 자신이 약속한 업무를 처리하지 않았다는 사실을 깨닫는다. 팀원은 그 자료를 받아야 다음 작업을 진행할 수 있는 상황이다.
2,직장2,행동,3,세부 시나리오(행동) - Scene 1,백설은 팀원의 메시지를 확인하고도 바로 답하지 못한 채 창을 닫는다.
2,직장2,행동,4,세부 시나리오(행동) - Scene 2,"부담을 피하기 위해 다른 간단한 업무부터 처리하거나 잠시 자리를 비우고, 시간이 더 지난 뒤에야 급하게 해당 업무를 시작한다."
3,직장3,인지,1,공통 시나리오 - Scene 1,백설은 출근하자마자 팀장에게 세 가지 업무를 연달아 요청받는다.
3,직장3,인지,2,공통 시나리오 - Scene 2,"각 업무의 마감 시간과 중요도가 서로 다르지만, 모두 급하게 들리고 어떤 일을 먼저 처리해야 하는지는 명확하지 않다. 백설은 메일과 메신저를 번갈아 확인하며 일을 시작하지만, 해야 할 일이 한꺼번에 머릿속에 떠올라 쉽게 순서를 정하지 못한다."
3,직장3,인지,3,세부 시나리오(인지) - Scene 1,백설은 어떤 일을 먼저 해야 가장 문제가 적을지 계속 계산하고 비교한다.
3,직장3,인지,4,세부 시나리오(인지) - Scene 2,"하나를 선택하려 할 때마다 다른 업무가 더 급한 것처럼 느껴져 생각이 꼬이고, 결국 ‘어차피 뭘 먼저 해도 누군가는 불만을 가질 것 같다’는 냉소적인 생각으로 이어진다. 일을 시작한 뒤에도 자신의 선택이 맞았는지 계속 되짚으며 집중하지 못한다."
3,직장3,정서,1,공통 시나리오 - Scene 1,백설은 출근하자마자 팀장에게 세 가지 업무를 연달아 요청받는다.
3,직장3,정서,2,공통 시나리오 - Scene 2,"각 업무의 마감 시간과 중요도가 서로 다르지만, 모두 급하게 들리고 어떤 일을 먼저 처리해야 하는지는 명확하지 않다. 백설은 메일과 메신저를 번갈아 확인하며 일을 시작하지만, 해야 할 일이 한꺼번에 머릿속에 떠올라 쉽게 순서를 정하지 못한다."
3,직장3,정서,3,세부 시나리오(정서) - Scene 1,"백설은 답답함과 압박감을 느끼지만, 감정에 흔들리면 안 된다고 생각해 무조건 침착하고 이성적으로 처리하려고 한다."
3,직장3,정서,4,세부 시나리오(정서) - Scene 2,불편한 감정을 계속 억누른 채 일하다가 동료가 새로운 요청을 더하자 “지금도 할 일이 많아요”라고 평소보다 날카롭게 반응한다. 이후에도 왜 이렇게 예민해졌는지 스스로 잘 이해하지 못한다.
3,직장3,행동,1,공통 시나리오 - Scene 1,백설은 출근하자마자 팀장에게 세 가지 업무를 연달아 요청받는다.
3,직장3,행동,2,공통 시나리오 - Scene 2,"각 업무의 마감 시간과 중요도가 서로 다르지만, 모두 급하게 들리고 어떤 일을 먼저 처리해야 하는지는 명확하지 않다. 백설은 메일과 메신저를 번갈아 확인하며 일을 시작하지만, 해야 할 일이 한꺼번에 머릿속에 떠올라 쉽게 순서를 정하지 못한다."
3,직장3,행동,3,세부 시나리오(행동) - Scene 1,"백설은 세 업무와 관련된 파일을 모두 열어두고 조금씩 손대지만, 어느 하나도 제대로 마무리하지 못한다."
3,직장3,행동,4,세부 시나리오(행동) - Scene 2,"부담이 커지자 비교적 쉬운 일이나 중요하지 않은 정리 업무부터 시작하고, 중간에 물을 마시러 가거나 자리를 비우며 착수를 늦춘다. 결국 마감이 가까워진 뒤에야 가장 급한 업무를 서둘러 처리한다."
4,직장4,인지,1,공통 시나리오 - Scene 1,"백설은 팀장에게 새로운 업무에 대한 설명을 듣고 있었지만, 중간에 다른 생각이 떠오르고 주변 소리에도 주의가 빼앗기면서 중요한 지시를 일부 놓친다."
4,직장4,인지,2,공통 시나리오 - Scene 2,"설명이 끝난 뒤 업무를 시작하려고 하자, 어떤 형식으로 정리해야 하는지와 언제까지 제출해야 하는지가 정확히 기억나지 않는다."
4,직장4,인지,3,세부 시나리오(인지) - Scene 1,": 백설은 다시 물어보면 집중하지 않았다는 사실이 드러날 것 같아, 들었던 내용을 머릿속으로 논리적으로 재구성하려고 한다."
4,직장4,인지,4,세부 시나리오(인지) - Scene 2,"기억나는 단서만으로 ‘아마 이런 뜻이었을 거야’라고 판단하고, 자신의 해석이 맞다고 고집하면서 불안한 마음은 애써 무시한다. 동시에 ‘이 정도 설명도 제대로 못 알아듣다니’라고 자신의 집중력과 능력을 지나치게 과소평가하기 시작한다."
4,직장4,정서,1,공통 시나리오 - Scene 1,"백설은 팀장에게 새로운 업무에 대한 설명을 듣고 있었지만, 중간에 다른 생각이 떠오르고 주변 소리에도 주의가 빼앗기면서 중요한 지시를 일부 놓친다."
4,직장4,정서,2,공통 시나리오 - Scene 2,"설명이 끝난 뒤 업무를 시작하려고 하자, 어떤 형식으로 정리해야 하는지와 언제까지 제출해야 하는지가 정확히 기억나지 않는다."
4,직장4,정서,3,세부 시나리오(정서) - Scene 1,"백설은 당황스럽고 불안하지만 그 감정을 드러내고 싶지 않아, 이해한 것처럼 고개를 끄덕이며 아무렇지 않은 척한다."
4,직장4,정서,4,세부 시나리오(정서) - Scene 2,"팀장이 “설명한 내용대로 진행해 주세요”라고 다시 말하자 자신을 의심하는 것처럼 느껴져 속으로 서운함과 짜증이 올라오지만, 감정을 억누른 채 짧고 딱딱하게 대답한다. 그런데 기억이 도무지 나지 않아서 나 자신이 싫어진다."
4,직장4,행동,1,공통 시나리오 - Scene 1,"백설은 팀장에게 새로운 업무에 대한 설명을 듣고 있었지만, 중간에 다른 생각이 떠오르고 주변 소리에도 주의가 빼앗기면서 중요한 지시를 일부 놓친다."
4,직장4,행동,2,공통 시나리오 - Scene 2,"설명이 끝난 뒤 업무를 시작하려고 하자, 어떤 형식으로 정리해야 하는지와 언제까지 제출해야 하는지가 정확히 기억나지 않는다."
4,직장4,행동,3,세부 시나리오(행동) - Scene 1,"백설은 정확한 내용을 다시 확인하기보다 우선 기억나는 부분부터 일을 시작한다. 필요한 정보를 찾기 위해 메일과 파일을 반복해서 확인하지만 정작 팀장에게 질문하는 행동은 미루고, 동료에게 돌려서 물어보거나 비슷한 이전 자료를 그대로 참고해 작업을 진행한다."
4,직장4,행동,4,세부 시나리오(행동) - Scene 2,이후 내용이 맞지 않을까 걱정되어 제출 직전까지 수정과 확인을 반복한다. 백설은 스스로 자신이 하는 방향이 맞는지 안 맞는지도 모른채 불안감만 가득해진다.
5,직장5,인지,1,공통 시나리오 - Scene 1,"백설은 팀 회의에 참석했지만, 사람들의 말소리와 노트북 알림, 복도에서 들리는 소리, 회의실 안의 움직임에 계속 주의가 빼앗긴다."
5,직장5,인지,2,공통 시나리오 - Scene 2,"회의가 끝난 뒤 메모를 확인해보니 중요한 결정 사항과 자신이 맡은 업무가 제대로 정리되어 있지 않고, 방금 들었던 내용도 선명하게 떠오르지 않는다."
5,직장5,인지,3,세부 시나리오(인지) - Scene 1,"회의가 끝나고, 백설은 회의 내용을 처음부터 다시 떠올리며 빠진 부분을 논리적으로 맞춰보려고 한다."
5,직장5,인지,4,세부 시나리오(인지) - Scene 2,"기억나는 몇 가지 단서를 연결해 ‘아마 이런 뜻이었을 거야’라고 결론 내리지만, 확신이 없어 같은 내용을 계속 검토한다. 그러다 자신은 회의에서도 핵심을 놓치는 사람이라는 생각에 이내 자신감이 떨어지고 만다."
5,직장5,정서,1,공통 시나리오 - Scene 1,"백설은 팀 회의에 참석했지만, 사람들의 말소리와 노트북 알림, 복도에서 들리는 소리, 회의실 안의 움직임에 계속 주의가 빼앗긴다."
5,직장5,정서,2,공통 시나리오 - Scene 2,"회의가 끝난 뒤 메모를 확인해보니 중요한 결정 사항과 자신이 맡은 업무가 제대로 정리되어 있지 않고, 방금 들었던 내용도 선명하게 떠오르지 않는다."
5,직장5,정서,3,세부 시나리오(정서) - Scene 1,"백설은 답답하고 불안한 느낌이 들지만, 정확히 무엇이 불편한지는 잘 알지 못한다. 회의 내용을 놓쳤다는 사실이 부끄럽게 느껴져 애써 괜찮은 척을 한다."
5,직장5,정서,4,세부 시나리오(정서) - Scene 2,"동료가 “아까 정해진 내용은 어떻게 할까요?”라고 묻자 기억이 나지 않는 백설은 순간적으로 압박감을 느끼고, ""네, 필요하면 요청하겠습니다. ""라며 다소 딱딱하게 대답한 뒤 불편한 마음을 진정시킬 방도를 찾기 시작한다."
5,직장5,행동,1,공통 시나리오 - Scene 1,"백설은 팀 회의에 참석했지만, 사람들의 말소리와 노트북 알림, 복도에서 들리는 소리, 회의실 안의 움직임에 계속 주의가 빼앗긴다."
5,직장5,행동,2,공통 시나리오 - Scene 2,"회의가 끝난 뒤 메모를 확인해보니 중요한 결정 사항과 자신이 맡은 업무가 제대로 정리되어 있지 않고, 방금 들었던 내용도 선명하게 떠오르지 않는다."
5,직장5,행동,3,세부 시나리오(행동) - Scene 1,"백설은 회의록과 메신저를 여러 번 확인하고, 동료가 작성한 메모를 찾아보며 빠진 내용을 스스로 메우려고 한다. 그러나 백설이 작성한 회의록은 큰 항목, 주제만 적혀져 있어서 정확한 내용을 확인하기엔 한계가 있다."
5,직장5,행동,4,세부 시나리오(행동) - Scene 2,"동료에게 해당 내용을 물어보는 것이 자신을 능력이 없다는 사람으로 인식할까봐 부담스러운 마음에 질문을 미루고, 당장 기억나는 업무부터 먼저 시작한다. 필요한 정보를 찾다가 다른 알림과 파일로 계속 이동하면서 여러 일을 동시에 벌이고, 결국 마감이 가까워진 뒤에야 동료에게 다시 내용을 확인한다."
6,직장6,인지,1,공통 시나리오 - Scene 1,"백설은 동료와 함께 진행하는 업무의 마감일을 다음 주로 기억하고 있었지만, 실제 마감일은 이번 주였다."
6,직장6,인지,2,공통 시나리오 - Scene 2,"동료는 이미 자신의 작업을 마친 채 백설의 자료를 기다리고 있었고, 일정이 늦어지면 전체 업무에도 차질이 생길 수 있다고 말한다. 백설은 그제야 자신이 일정을 잘못 알고 있었다는 사실을 깨닫는다."
6,직장6,인지,3,세부 시나리오(인지) - Scene 1,백설은 일정표와 이전 메시지를 다시 확인하며 자신이 어디서부터 잘못 이해했는지 따져본다.
6,직장6,인지,4,세부 시나리오(인지) - Scene 2,"처음에는 단순한 착오라고 생각하려 하지만, 곧 ‘나는 왜 늘 중요한 일정을 잘못 기억하지?’라는 생각으로 이어진다. 이번 일의 사실관계를 정리하기보다 과거의 비슷한 실수까지 떠올리며 자신의 신뢰성과 업무 능력을 지나치게 낮게 평가한다."
6,직장6,정서,1,공통 시나리오 - Scene 1,"백설은 동료와 함께 진행하는 업무의 마감일을 다음 주로 기억하고 있었지만, 실제 마감일은 이번 주였다."
6,직장6,정서,2,공통 시나리오 - Scene 2,"동료는 이미 자신의 작업을 마친 채 백설의 자료를 기다리고 있었고, 일정이 늦어지면 전체 업무에도 차질이 생길 수 있다고 말한다. 백설은 그제야 자신이 일정을 잘못 알고 있었다는 사실을 깨닫는다."
6,직장6,정서,3,세부 시나리오(정서) - Scene 1,"백설은 동료에게 미안하면서도, 자신이 민폐를 끼쳤다는 생각에 얼굴이 달아오르고 마음이 불편해진다."
6,직장6,정서,4,세부 시나리오(정서) - Scene 2,"동료가 일정 관리에 조금 더 신경 써달라고 말하자 수치심과 짜증이 함께 올라오고, “죄송해요, 그런데 저도 일부러 그런 건 아니에요”라고 다소 방어적으로 대답한다. 반복적으로 실수를 유발하는 백설은 이내 위축된다."
6,직장6,행동,1,공통 시나리오 - Scene 1,"백설은 동료와 함께 진행하는 업무의 마감일을 다음 주로 기억하고 있었지만, 실제 마감일은 이번 주였다."
6,직장6,행동,2,공통 시나리오 - Scene 2,"동료는 이미 자신의 작업을 마친 채 백설의 자료를 기다리고 있었고, 일정이 늦어지면 전체 업무에도 차질이 생길 수 있다고 말한다. 백설은 그제야 자신이 일정을 잘못 알고 있었다는 사실을 깨닫는다."
6,직장6,행동,3,세부 시나리오(행동) - Scene 1,"백설은 동료에게 바로 설명하고 조율해야 한다는 것을 알지만, 부담스러워 답장을 미루거나 메시지를 여러 번 작성했다가 지운다."
6,직장6,행동,4,세부 시나리오(행동) - Scene 2,"이후 만회해야 한다는 마음에 계획 없이 급하게 여러 작업을 동시에 시작하고, 도움을 요청하기보다 혼자 처리하려 한다. 결국 일정이 더 촉박해진 뒤에야 동료에게 현재 상황을 알리고 업무를 다시 나눈다."
7,직장7,인지,1,공통 시나리오 - Scene 1,"백설은 회의실 앞에서 발표를 시작하지만, 프로젝터의 밝은 빛과 에어컨 소리, 사람들의 움직임과 시선이 한꺼번에 의식되면서 준비한 내용에 집중하기 어려워진다."
7,직장7,인지,2,공통 시나리오 - Scene 2,"머릿속이 갑자기 복잡해지고 말하려던 순서가 떠오르지 않아, 잠시 말을 멈추게 된다."
7,직장7,인지,3,세부 시나리오(인지) - Scene 1,백설은 발표가 끝난 뒤 자신이 어느 순간부터 흐름을 놓쳤는지 장면을 하나씩 되짚어본다.
7,직장7,인지,4,세부 시나리오(인지) - Scene 2,"사람들의 표정과 자신의 말투, 멈췄던 순간을 반복해서 떠올리며 ‘그때 다른 방식으로 설명했어야 했나’, ‘사람들은 내가 긴장한 걸 눈치챘을까’처럼 여러 가능성을 계속 분석한다. 생각을 정리하려 하지만 오히려 발표 장면을 지나치게 해석하고 의미를 부여하면서 머릿속에서 쉽게 놓지 못한다."
7,직장7,정서,1,공통 시나리오 - Scene 1,"백설은 회의실 앞에서 발표를 시작하지만, 프로젝터의 밝은 빛과 에어컨 소리, 사람들의 움직임과 시선이 한꺼번에 의식되면서 준비한 내용에 집중하기 어려워진다."
7,직장7,정서,2,공통 시나리오 - Scene 2,"머릿속이 갑자기 복잡해지고 말하려던 순서가 떠오르지 않아, 잠시 말을 멈추게 된다."
7,직장7,정서,3,세부 시나리오(정서) - Scene 1,"백설은 발표 도중 긴장과 당황스러움이 크게 올라오지만, 그 감정을 정확히 알아차리기보다 무조건 침착해야 한다고 생각한다."
7,직장7,정서,4,세부 시나리오(정서) - Scene 2,"발표가 끝난 뒤에도 가슴이 두근거리고 얼굴이 화끈거리지만 괜찮은 척하고, 누군가 “긴장 많이 했어요?”라고 묻자 불편함을 숨기며 짧게 대답한다. 이후에도 민망함과 수치심을 마주하기 싫어 발표 이야기를 피하려 한다."
7,직장7,행동,1,공통 시나리오 - Scene 1,"백설은 회의실 앞에서 발표를 시작하지만, 프로젝터의 밝은 빛과 에어컨 소리, 사람들의 움직임과 시선이 한꺼번에 의식되면서 준비한 내용에 집중하기 어려워진다."
7,직장7,행동,2,공통 시나리오 - Scene 2,"머릿속이 갑자기 복잡해지고 말하려던 순서가 떠오르지 않아, 잠시 말을 멈추게 된다."
7,직장7,행동,3,세부 시나리오(행동) - Scene 1,백설은 발표가 끝나자마자 질문을 충분히 받기보다 서둘러 자리로 돌아간다.
7,직장7,행동,4,세부 시나리오(행동) - Scene 2,"이후 동료들이 발표에 대해 이야기하는 자리를 피하거나, 화장실이나 휴게실로 가서 한동안 혼자 있으려 한다. 발표 자료를 다시 확인해야 한다는 것을 알지만 바로 열어보지 않고, 다른 업무를 먼저 하며 그 상황과 관련된 행동을 뒤로 미룬다."
8,직장8,인지,1,공통 시나리오 - Scene 1,"백설은 여러 자료를 참고해 보고서를 작성했지만, 파일 안의 글꼴과 문단 형식이 제각각이고 내용의 순서도 매끄럽게 정리되지 않은 상태로 제출한다."
8,직장8,인지,2,공통 시나리오 - Scene 2,팀장은 자료를 확인한 뒤 “내용은 있는데 전체적으로 정리가 안 되어 있어서 읽기가 어렵다”고 말하며 다시 수정해 달라고 요청한다.
8,직장8,인지,3,세부 시나리오(인지) - Scene 1,"백설은 팀장의 지적을 들은 뒤 파일의 어느 부분이 특히 문제였는지 계속 분석한다. 글꼴, 문단 간격, 내용 순서 중 무엇을 먼저 고쳐야 할지 머릿속으로 여러 기준을 세우지만, 기준이 많아질수록 오히려 정리가 더 어려워진다."
8,직장8,인지,4,세부 시나리오(인지) - Scene 2,"그러다 “형식이 그렇게 중요한가”, “내용만 맞으면 되는 것 아닌가”라고 냉소적으로 생각하며 지적의 필요성을 낮게 평가하려 하기도 한다. 그러면서 백설은 초등학교, 중학교, 고등학교에서 선생님에게 지적받았던 순간들을 떠올리며 비슷한 상황들을 생각하게 된다."
8,직장8,정서,1,공통 시나리오 - Scene 1,"백설은 여러 자료를 참고해 보고서를 작성했지만, 파일 안의 글꼴과 문단 형식이 제각각이고 내용의 순서도 매끄럽게 정리되지 않은 상태로 제출한다."
8,직장8,정서,2,공통 시나리오 - Scene 2,팀장은 자료를 확인한 뒤 “내용은 있는데 전체적으로 정리가 안 되어 있어서 읽기가 어렵다”고 말하며 다시 수정해 달라고 요청한다.
8,직장8,정서,3,세부 시나리오(정서) - Scene 1,"백설은 자신이 공들여 만든 자료가 한눈에 부정적으로 평가받았다는 느낌에 속상하고 민망해진다. 이내 백설은 “네, 수정하겠습니다”라고 차분하게 대답한다."
8,직장8,정서,4,세부 시나리오(정서) - Scene 2,"이후 팀장이 세부 형식까지 다시 지적하자 불편함이 쌓이고, “그 정도는 내용 이해에 큰 문제가 없지 않나요?”라고 다소 날이 선 말투로 반응한다. 백설은 퇴근할 때까지 자신이 열심히 만든 자료를 한순간에 쓸모없는 자료로 만들어버린 팀장님에게 높은 강도의 섭섭함을 느끼게 되고, 백설은 이 마음을 어떻게 진정시켜야 할지 어찌 할 바를 모른다."
8,직장8,행동,1,공통 시나리오 - Scene 1,"백설은 여러 자료를 참고해 보고서를 작성했지만, 파일 안의 글꼴과 문단 형식이 제각각이고 내용의 순서도 매끄럽게 정리되지 않은 상태로 제출한다."
8,직장8,행동,2,공통 시나리오 - Scene 2,팀장은 자료를 확인한 뒤 “내용은 있는데 전체적으로 정리가 안 되어 있어서 읽기가 어렵다”고 말하며 다시 수정해 달라고 요청한다.
8,직장8,행동,3,세부 시나리오(행동) - Scene 1,"백설은 파일을 다시 열지만 어디서부터 손대야 할지 몰라서, 우선 팀장의 지시사항대로 글꼴만 바꾸거나 문장 일부만 수정하는 등 눈에 띄는 부분부터 건드린다. 수정해야 할 항목이 많아질수록 다른 업무 창을 열거나 자리를 비우며 작업을 중단한다."
8,직장8,행동,4,세부 시나리오(행동) - Scene 2,결국 제출 시간이 가까워진 뒤에야 전체 형식을 한꺼번에 맞추려다 급하게 수정하게 된다. 백설은 수정하는 것이 지치기 시작한다.
9,직장9,인지,1,공통 시나리오 - Scene 1,"백설은 보고서를 제출하기 전에 여러 번 내용을 확인했지만, 제출한 파일에서 오탈자와 잘못 입력된 숫자가 계속 발견된다."
9,직장9,인지,2,공통 시나리오 - Scene 2,"팀장은 비슷한 실수가 반복되고 있다며, 다음부터는 제출 전에 더 꼼꼼히 확인해 달라고 말한다. 백설은 분명 몇 차례 검토했는데도 새로운 오류가 계속 나오는 상황이 답답하게 느껴진다."
9,직장9,인지,3,세부 시나리오(인지) - Scene 1,"백설은 자신이 어떤 방식으로 검토했기에 오류를 발견하지 못했는지 계속 따져본다. 문장을 읽는 순서, 확인한 횟수, 숫자를 대조한 방식까지 하나씩 분석하며 더 완벽한 검토 방법을 찾으려 한다. 하지만 확인 기준이 점점 많아지면서 다른 업무를 번갈아가면서 하게 되는 자신을 발견하게 된다."
9,직장9,인지,4,세부 시나리오(인지) - Scene 2,"백설은 어떻게 해야 할지 혼란스러움을 느끼며, “아무리 봐도 결국 또 나오는데 확인하는 게 무슨 소용이지”라는 냉소적인 생각이 들기도 한다. 중학교때 자신의 덤벙거리는 특성을 혼내는 일이 생각나면서 또 기분이 가라앉게 된다. 그리고 다시 또 어떤 것부터 해야 할지 우선순위표를 작성하기로 한다."
9,직장9,정서,1,공통 시나리오 - Scene 1,"백설은 보고서를 제출하기 전에 여러 번 내용을 확인했지만, 제출한 파일에서 오탈자와 잘못 입력된 숫자가 계속 발견된다."
9,직장9,정서,2,공통 시나리오 - Scene 2,"팀장은 비슷한 실수가 반복되고 있다며, 다음부터는 제출 전에 더 꼼꼼히 확인해 달라고 말한다. 백설은 분명 몇 차례 검토했는데도 새로운 오류가 계속 나오는 상황이 답답하게 느껴진다."
9,직장9,정서,3,세부 시나리오(정서) - Scene 1,"백설은 또 실수했다는 말을 듣는 순간 얼굴이 화끈거리고 마음이 무거워지지만, 이것이 부끄러움인지 억울함인지 분명히 알기 어렵다."
9,직장9,정서,4,세부 시나리오(정서) - Scene 2,"겉으로는 차분하게 수정하겠다고 말하지만, 계속되는 지적에 감정이 쌓이면서 “저도 여러 번 확인했어요”라고 다소 날카롭게 반응한다. 이후에는 더 속상해질까 봐 자신의 감정을 애써 외면한다."
9,직장9,행동,1,공통 시나리오 - Scene 1,"백설은 보고서를 제출하기 전에 여러 번 내용을 확인했지만, 제출한 파일에서 오탈자와 잘못 입력된 숫자가 계속 발견된다."
9,직장9,행동,2,공통 시나리오 - Scene 2,"팀장은 비슷한 실수가 반복되고 있다며, 다음부터는 제출 전에 더 꼼꼼히 확인해 달라고 말한다. 백설은 분명 몇 차례 검토했는데도 새로운 오류가 계속 나오는 상황이 답답하게 느껴진다."
9,직장9,행동,3,세부 시나리오(행동) - Scene 1,백설은 수정한 파일을 바로 제출하지 못하고 저장만 한 채 여러 번 열었다 닫는다.
9,직장9,행동,4,세부 시나리오(행동) - Scene 2,"혹시 또 틀린 부분이 있을까 걱정되어 제출을 계속 미루고, 부담이 커지면 다른 업무로 옮겨간다. 결국 마감이 가까워진 뒤에야 파일을 급하게 보내고, 보낸 직후 다시 회수하고 싶어 한다."
10,직장10,인지,1,공통 시나리오 - Scene 1,백설은 회의에서 좋은 생각이 떠오르자 잊어버릴 것 같아 동료의 말이 끝나기 전에 자신의 의견을 말한다.
10,직장10,인지,2,공통 시나리오 - Scene 2,"동료는 잠시 말을 멈추고, 팀장은 다른 사람의 이야기를 끝까지 들은 뒤 말해달라고 한다. 백설은 자신도 일부러 무례하게 행동한 것은 아니지만, 비슷한 일이 반복된다는 사실이 마음에 남는다."
10,직장10,인지,3,세부 시나리오(인지) - Scene 1,백설은 회의가 끝난 뒤 자신이 왜 그 순간 말을 참지 못했는지 생각해본다. 말을 멈췄을 때 동료의 표정과 팀장의 말을 떠올리면서 자신의 의도가 무례하게 전달되었을 가능성을 계속 생각해본다.
10,직장10,인지,4,세부 시나리오(인지) - Scene 2,한편으로는 “좋은 생각이 떠올랐을 때 말한 것뿐인데 왜 그렇게까지 문제 삼지?”라고 냉소적으로 생각하며 불편함을 이성적으로 설명하려 한다. 그럼에도 백설은 마음 한구석이 불편하다.
10,직장10,정서,1,공통 시나리오 - Scene 1,백설은 회의에서 좋은 생각이 떠오르자 잊어버릴 것 같아 동료의 말이 끝나기 전에 자신의 의견을 말한다.
10,직장10,정서,2,공통 시나리오 - Scene 2,"동료는 잠시 말을 멈추고, 팀장은 다른 사람의 이야기를 끝까지 들은 뒤 말해달라고 한다. 백설은 자신도 일부러 무례하게 행동한 것은 아니지만, 비슷한 일이 반복된다는 사실이 마음에 남는다."
10,직장10,정서,3,세부 시나리오(정서) - Scene 1,"백설은 지적을 받는 순간 얼굴이 화끈거리고 민망해지지만, 자신이 부끄러운 것인지 억울한 것인지 정확히 알지 못한다. 겉으로는 아무렇지 않은 척하지만 속으로는 기분이 상하고, 이후 동료가 다시 설명을 이어가자 말투가 조금 딱딱해지거나 반응을 최소화한다."
10,직장10,정서,4,세부 시나리오(정서) - Scene 2,"회의가 끝난 뒤에는 그 상황을 더 떠올리고 싶지 않아 감정을 애써 외면한다. 백설은 풀이 죽어있는 상태로, 퇴근할 때까지 좀처럼 기분이 나아지지 않는다."
10,직장10,행동,1,공통 시나리오 - Scene 1,백설은 회의에서 좋은 생각이 떠오르자 잊어버릴 것 같아 동료의 말이 끝나기 전에 자신의 의견을 말한다.
10,직장10,행동,2,공통 시나리오 - Scene 2,"동료는 잠시 말을 멈추고, 팀장은 다른 사람의 이야기를 끝까지 들은 뒤 말해달라고 한다. 백설은 자신도 일부러 무례하게 행동한 것은 아니지만, 비슷한 일이 반복된다는 사실이 마음에 남는다."
10,직장10,행동,3,세부 시나리오(행동) - Scene 1,"백설은 이후 회의에서 아예 말을 하지 않으려고 메모만 하거나, 의견이 떠올라도 손을 들지 않고 회의가 끝날 때까지 참는다."
10,직장10,행동,4,세부 시나리오(행동) - Scene 2,"동료와 눈을 마주치는 것이 불편해 회의 직후 자리를 서둘러 뜨고, 자신의 발언에 대해 설명하거나 사과하는 연락도 미룬다. 나중에는 반대로 생각을 잊지 않으려 메신저에 급하게 보내거나, 회의 후 따로 여러 메시지를 남기기도 한다."
11,취업준비1,인지,1,공통 시나리오 - Scene 1,"백설은 여러 회사에 지원하고 면접도 몇 번 보았지만, 최종 결과는 계속 불합격이다."
11,취업준비1,인지,2,공통 시나리오 - Scene 2,"처음에는 경험이라고 생각하려 했지만, 비슷한 결과가 반복되자 자신이 무엇을 잘못하고 있는지 알기 어려워진다. 다음 면접을 준비해야 하지만, 또 떨어질지도 모른다는 생각이 먼저 든다."
11,취업준비1,인지,3,세부 시나리오(인지) - Scene 1,백설은 면접에서 떨어진 이유를 계속 분석한다.
11,취업준비1,인지,4,세부 시나리오(인지) - Scene 2,"답변이 부족했는지, 표정이나 말투가 어색했는지, 면접관이 어떤 부분에서 자신을 부정적으로 봤을지 여러 가능성을 떠올린다. 다음 면접을 준비해야 한다는 것은 알지만, 이전 면접 장면이 자꾸 떠올라 준비보다 분석에 더 오래 머무르게 된다."
11,취업준비1,정서,1,공통 시나리오 - Scene 1,"백설은 여러 회사에 지원하고 면접도 몇 번 보았지만, 최종 결과는 계속 불합격이다."
11,취업준비1,정서,2,공통 시나리오 - Scene 2,"처음에는 경험이라고 생각하려 했지만, 비슷한 결과가 반복되자 자신이 무엇을 잘못하고 있는지 알기 어려워진다. 다음 면접을 준비해야 하지만, 또 떨어질지도 모른다는 생각이 먼저 든다."
11,취업준비1,정서,3,세부 시나리오(정서) - Scene 1,"백설은 불합격 문자를 볼 때마다 속상하고 허탈하지만, 시간이 지나도 그 감정이 잘 정리되지 않는다."
11,취업준비1,정서,4,세부 시나리오(정서) - Scene 2,괜찮은 척하려 하지만 마음 한쪽에는 ‘또 안 됐다’는 수치심과 좌절감이 남아 있다. 누군가 면접 결과를 묻거나 위로하면 고맙기보다 더 민망하고 예민해진다.
11,취업준비1,행동,1,공통 시나리오 - Scene 1,"백설은 여러 회사에 지원하고 면접도 몇 번 보았지만, 최종 결과는 계속 불합격이다."
11,취업준비1,행동,2,공통 시나리오 - Scene 2,"처음에는 경험이라고 생각하려 했지만, 비슷한 결과가 반복되자 자신이 무엇을 잘못하고 있는지 알기 어려워진다. 다음 면접을 준비해야 하지만, 또 떨어질지도 모른다는 생각이 먼저 든다."
11,취업준비1,행동,3,세부 시나리오(행동) - Scene 1,"백설은 다음 공고를 찾아봐야 한다는 것을 알지만, 불합격 결과를 확인한 뒤 한동안 채용 사이트나 메일함을 열어보지 않는다."
11,취업준비1,행동,4,세부 시나리오(행동) - Scene 2,"면접 복기를 하려고 자료를 꺼냈다가도 금방 덮고, 부담이 덜한 일이나 휴대폰을 보며 시간을 보낸다. 그러다 마감이 가까워진 공고를 보고 급하게 다시 준비를 시작한다."
12,취업준비2,인지,1,공통 시나리오 - Scene 1,"백설은 SNS나 단체 채팅방에서 주변 사람들이 인턴, 서류 합격, 면접 일정 등을 공유하는 것을 보게 된다."
12,취업준비2,인지,2,공통 시나리오 - Scene 2,"자신도 준비하고 있지만 눈에 보이는 성과가 많지 않아, 다른 사람들은 앞으로 나아가는데 자신만 제자리인 것처럼 느껴진다."
12,취업준비2,인지,3,세부 시나리오(인지) - Scene 1,백설은 주변 사람들의 합격 소식이나 면접 일정을 볼 때마다 자신과 비교하게 된다.
12,취업준비2,인지,4,세부 시나리오(인지) - Scene 2,"‘저 사람은 벌써 저기까지 갔는데 나는 왜 아직 이 정도일까’라는 생각이 반복되고, 각자의 상황이 다르다는 것을 알면서도 계속 자신의 위치를 계산하게 된다. 그러다 취업준비 전체를 경쟁처럼 느끼게 된다."
12,취업준비2,정서,1,공통 시나리오 - Scene 1,"백설은 SNS나 단체 채팅방에서 주변 사람들이 인턴, 서류 합격, 면접 일정 등을 공유하는 것을 보게 된다."
12,취업준비2,정서,2,공통 시나리오 - Scene 2,"자신도 준비하고 있지만 눈에 보이는 성과가 많지 않아, 다른 사람들은 앞으로 나아가는데 자신만 제자리인 것처럼 느껴진다."
12,취업준비2,정서,3,세부 시나리오(정서) - Scene 1,"백설은 친구들의 소식을 보며 축하하는 마음과 불편한 마음이 동시에 올라온다. 부럽고 조급한데, 그런 감정을 느끼는 자신이 못나 보이는 것 같아 감정을 억누른다."
12,취업준비2,정서,4,세부 시나리오(정서) - Scene 2,겉으로는 괜찮은 척하지만 단체 채팅방에서 취업 이야기가 이어지면 점점 마음이 무거워진다. 그러면서 자신의 못난 부분이 생각나면서 힘들어진다.
12,취업준비2,행동,1,공통 시나리오 - Scene 1,"백설은 SNS나 단체 채팅방에서 주변 사람들이 인턴, 서류 합격, 면접 일정 등을 공유하는 것을 보게 된다."
12,취업준비2,행동,2,공통 시나리오 - Scene 2,"자신도 준비하고 있지만 눈에 보이는 성과가 많지 않아, 다른 사람들은 앞으로 나아가는데 자신만 제자리인 것처럼 느껴진다."
12,취업준비2,행동,3,세부 시나리오(행동) - Scene 1,백설은 비교되는 마음이 커지면 SNS나 단체 채팅방을 잠시 보지 않으려 한다.
12,취업준비2,행동,4,세부 시나리오(행동) - Scene 2,채용 정보를 찾아보려다가도 다른 사람들의 성과를 보고 의욕이 꺾여 화면을 닫는다.
13,취업준비3,인지,1,공통 시나리오 - Scene 1,"백설은 취업을 위해 필요한 자격증 공부를 시작하려고 하지만, 교재와 강의, 시험 일정, 공부 계획을 어떻게 정해야 할지 막막하다."
13,취업준비3,인지,2,공통 시나리오 - Scene 2,해야 한다는 것은 알지만 어디서부터 시작해야 할지 정리되지 않아 책상 앞에 앉아도 쉽게 공부를 시작하지 못한다.
13,취업준비3,인지,3,세부 시나리오(인지) - Scene 1,"백설은 자격증 공부를 시작하기 전에 어떤 교재를 살지, 어떤 강의를 들을지, 하루에 얼마나 공부해야 할지 계속 생각한다. 계획을 세우려 할수록 고려할 것이 많아지고, 완벽한 방법을 찾아야 시작할 수 있을 것처럼 느낀다."
13,취업준비3,인지,4,세부 시나리오(인지) - Scene 2,결국 공부 자체보다 준비 방법을 고민하는 데 더 많은 에너지를 쓰게 된다. 그러다가 자격증을 요구하는 이 현실이 싫어진다.
13,취업준비3,정서,1,공통 시나리오 - Scene 1,"백설은 취업을 위해 필요한 자격증 공부를 시작하려고 하지만, 교재와 강의, 시험 일정, 공부 계획을 어떻게 정해야 할지 막막하다."
13,취업준비3,정서,2,공통 시나리오 - Scene 2,해야 한다는 것은 알지만 어디서부터 시작해야 할지 정리되지 않아 책상 앞에 앉아도 쉽게 공부를 시작하지 못한다.
13,취업준비3,정서,3,세부 시나리오(정서) - Scene 1,백설은 자격증 공부를 해야 한다는 생각만 해도 막막하고 답답하다.
13,취업준비3,정서,4,세부 시나리오(정서) - Scene 2,"하지만 불안하다는 마음을 인정하기보다 ‘그냥 하면 되는 건데 왜 이러지’라고 넘기려 한다. 시간이 지날수록 부담감이 쌓이고, 누군가 공부는 잘 되어가냐고 물으면 괜히 예민하게 반응한다."
13,취업준비3,행동,1,공통 시나리오 - Scene 1,"백설은 취업을 위해 필요한 자격증 공부를 시작하려고 하지만, 교재와 강의, 시험 일정, 공부 계획을 어떻게 정해야 할지 막막하다."
13,취업준비3,행동,2,공통 시나리오 - Scene 2,해야 한다는 것은 알지만 어디서부터 시작해야 할지 정리되지 않아 책상 앞에 앉아도 쉽게 공부를 시작하지 못한다.
13,취업준비3,행동,3,세부 시나리오(행동) - Scene 1,"백설은 공부를 시작하려고 책상에 앉지만, 교재를 펴기 전에 강의 후기나 공부법 영상부터 찾아본다. 계획표를 만들고 자료를 정리하는 행동은 하지만 실제 공부로는 잘 넘어가지 못한다."
13,취업준비3,행동,4,세부 시나리오(행동) - Scene 2,그러다 시험일이 가까워진 뒤에야 급하게 강의를 듣거나 문제집을 풀기 시작한다. 그러다가 유튜브 숏츠를 보기 시작한다.
14,취업준비4,인지,1,공통 시나리오 - Scene 1,"백설은 취업준비를 하며 교재비, 시험 응시료, 면접 준비 비용 등으로 돈을 계속 쓰게 된다."
14,취업준비4,인지,2,공통 시나리오 - Scene 2,"아르바이트나 용돈으로 생활하고 있지만 모아둔 돈은 거의 없고, 통장 잔액을 확인할 때마다 아직 경제적으로 독립하지 못한 자신이 초라하게 느껴진다."
14,취업준비4,인지,3,세부 시나리오(인지) - Scene 1,백설은 통장 잔액을 확인한 뒤 그동안 돈을 어디에 썼는지 계속 따져본다.
14,취업준비4,인지,4,세부 시나리오(인지) - Scene 2,"교재비, 시험 응시료, 식비 같은 지출을 하나씩 떠올리며 ‘이 정도는 줄일 수 있었을 텐데’라고 생각한다. 점점 단순한 지출 문제가 아니라 자신이 계획성 없는 사람이라는 생각으로 이어진다."
14,취업준비4,정서,1,공통 시나리오 - Scene 1,"백설은 취업준비를 하며 교재비, 시험 응시료, 면접 준비 비용 등으로 돈을 계속 쓰게 된다."
14,취업준비4,정서,2,공통 시나리오 - Scene 2,"아르바이트나 용돈으로 생활하고 있지만 모아둔 돈은 거의 없고, 통장 잔액을 확인할 때마다 아직 경제적으로 독립하지 못한 자신이 초라하게 느껴진다."
14,취업준비4,정서,3,세부 시나리오(정서) - Scene 1,"백설은 통장 잔액을 볼 때마다 허탈하고 초라한 느낌이 든다. 아직 경제적으로 독립하지 못했다는 생각에 부끄럽고, 가족이나 주변 사람에게 미안한 마음도 올라온다."
14,취업준비4,정서,4,세부 시나리오(정서) - Scene 2,자신이 쓸모없는 사람같이 느껴진다. 그 감정은 하루종일 지속되기만 한다.
14,취업준비4,행동,1,공통 시나리오 - Scene 1,"백설은 취업준비를 하며 교재비, 시험 응시료, 면접 준비 비용 등으로 돈을 계속 쓰게 된다."
14,취업준비4,행동,2,공통 시나리오 - Scene 2,"아르바이트나 용돈으로 생활하고 있지만 모아둔 돈은 거의 없고, 통장 잔액을 확인할 때마다 아직 경제적으로 독립하지 못한 자신이 초라하게 느껴진다."
14,취업준비4,행동,3,세부 시나리오(행동) - Scene 1,"백설은 돈 관리를 해야겠다고 생각하지만, 지출 내역을 보는 것이 부담스러워 가계부 앱을 열었다가 닫는다. 잠시 절약 계획을 세우지만 며칠 지나면 다시 흐트러지고, 스트레스를 받을 때는 오히려 작은 소비로 기분을 달래려 한다."
14,취업준비4,행동,4,세부 시나리오(행동) - Scene 2,"이후 잔액을 보고 다시 급하게 소비를 줄이려 한다. 그러다가, 또 맛있는 것이 보이면 큰 고민 없이 순식간에 결제하게 된다."
15,취업준비5,인지,1,공통 시나리오 - Scene 1,백설은 가족이나 지인에게 면접 결과를 물어보는 말을 자주 듣는다.
15,취업준비5,인지,2,공통 시나리오 - Scene 2,"상대가 나쁜 뜻으로 묻는 것은 아니지만, 떨어졌다고 말할 때마다 자신을 안쓰럽게 보거나 평가하는 것 같은 시선이 느껴져 대답하는 것이 점점 부담스러워진다."
15,취업준비5,인지,3,세부 시나리오(인지) - Scene 1,백설은 가족이나 지인이 자신의 면접 결과를 물으면 상대의 표정과 말투를 지나치게 해석하게 된다.
15,취업준비5,인지,4,세부 시나리오(인지) - Scene 2,"‘나를 안쓰럽게 보는 건가’, ‘속으로 준비가 부족하다고 생각하는 건 아닐까’ 같은 생각이 이어진다. 실제로 상대가 그렇게 말하지 않았더라도, 대화가 끝난 뒤 그 장면을 계속 되짚게 된다."
15,취업준비5,정서,1,공통 시나리오 - Scene 1,백설은 가족이나 지인에게 면접 결과를 물어보는 말을 자주 듣는다.
15,취업준비5,정서,2,공통 시나리오 - Scene 2,"상대가 나쁜 뜻으로 묻는 것은 아니지만, 떨어졌다고 말할 때마다 자신을 안쓰럽게 보거나 평가하는 것 같은 시선이 느껴져 대답하는 것이 점점 부담스러워진다."
15,취업준비5,정서,3,세부 시나리오(정서) - Scene 1,"백설은 면접에서 떨어졌다고 말할 때마다 민망함과 수치심이 올라온다. 괜찮다고 말하지만 속으로는 작아지는 느낌이 들고, 위로를 받아도 마음이 편해지지 않는다."
15,취업준비5,정서,4,세부 시나리오(정서) - Scene 2,반복해서 질문을 받으면 상대가 걱정해서 묻는다는 것을 알면서도 짜증이나 서운함이 섞여 나온다. 취업에 실패한 자신에게 드는 섭섭함과 불편함은 하루종일 지속된다.
15,취업준비5,행동,1,공통 시나리오 - Scene 1,백설은 가족이나 지인에게 면접 결과를 물어보는 말을 자주 듣는다.
15,취업준비5,행동,2,공통 시나리오 - Scene 2,"상대가 나쁜 뜻으로 묻는 것은 아니지만, 떨어졌다고 말할 때마다 자신을 안쓰럽게 보거나 평가하는 것 같은 시선이 느껴져 대답하는 것이 점점 부담스러워진다."
15,취업준비5,행동,3,세부 시나리오(행동) - Scene 1,"백설은 면접 결과를 묻는 자리를 피하거나, 연락이 와도 답장을 늦게 한다."
15,취업준비5,행동,4,세부 시나리오(행동) - Scene 2,"가족이나 지인에게는 결과를 자세히 말하지 않고 짧게 넘기며, 취업 이야기가 나올 것 같은 모임은 미루거나 참석하지 않으려 한다. 혼자 있을 때 다시 채용 공고를 보며 압박감을 느낀다."
16,취업준비6,인지,1,공통 시나리오 - Scene 1,백설은 함께 취업을 준비하던 친구들이 하나둘 원하는 회사에 합격했다는 소식을 듣는다.
16,취업준비6,인지,2,공통 시나리오 - Scene 2,"진심으로 축하하고 싶지만, 동시에 자신만 아직 결과가 없다는 사실이 선명하게 느껴진다. 친구들과의 대화에서도 취업 이야기가 나오면 괜히 마음이 불편해진다."
16,취업준비6,인지,3,세부 시나리오(인지) - Scene 1,"백설은 친구들의 합격 소식을 들은 뒤 자신과 친구들의 차이를 계속 생각한다. 스펙, 면접 태도, 준비 기간, 운까지 비교하면서 왜 자신만 아직 결과가 없는지 이유를 찾으려 한다."
16,취업준비6,인지,4,세부 시나리오(인지) - Scene 2,"친구를 축하하고 싶지만, 머릿속에서는 자신이 뒤처졌다는 생각이 쉽게 사라지지 않는다. '면접에서 말을 더듬어서 그런건가?', '면접에서 입은 복장이 첫인상에 영향을 줬나?' 등 수많은 자신의 면접 복기를 통해 원인을 찾으려 한다."
16,취업준비6,정서,1,공통 시나리오 - Scene 1,백설은 함께 취업을 준비하던 친구들이 하나둘 원하는 회사에 합격했다는 소식을 듣는다.
16,취업준비6,정서,2,공통 시나리오 - Scene 2,"진심으로 축하하고 싶지만, 동시에 자신만 아직 결과가 없다는 사실이 선명하게 느껴진다. 친구들과의 대화에서도 취업 이야기가 나오면 괜히 마음이 불편해진다."
16,취업준비6,정서,3,세부 시나리오(정서) - Scene 1,백설은 친구의 합격이 기쁘면서도 마음 한쪽이 무겁다. 부럽고 초조한 감정이 올라오지만 그런 마음을 느끼는 자신이 이기적인 것 같아 억누른다.
16,취업준비6,정서,4,세부 시나리오(정서) - Scene 2,"겉으로는 밝게 축하하지만, 혼자 있을 때는 허탈함과 수치심이 뒤늦게 밀려온다. 이러한 감정은 무엇을 해도 나아지지 않는다. 오히려 할일을 하지 못하게 되는 상황까지 이르게 된다."
16,취업준비6,행동,1,공통 시나리오 - Scene 1,백설은 함께 취업을 준비하던 친구들이 하나둘 원하는 회사에 합격했다는 소식을 듣는다.
16,취업준비6,행동,2,공통 시나리오 - Scene 2,"진심으로 축하하고 싶지만, 동시에 자신만 아직 결과가 없다는 사실이 선명하게 느껴진다. 친구들과의 대화에서도 취업 이야기가 나오면 괜히 마음이 불편해진다."
16,취업준비6,행동,3,세부 시나리오(행동) - Scene 1,"백설은 친구들의 취업 이야기가 나오는 모임이나 대화를 피하려 한다. 축하 메시지를 보내야 한다는 것을 알면서도 문장을 여러 번 썼다 지우고, 답장을 늦게 하기도 한다."
16,취업준비6,행동,4,세부 시나리오(행동) - Scene 2,이후 불안이 커지면 갑자기 자기소개서를 여러 개 수정하거나 공고를 한꺼번에 찾아본다. 그러다가 순식간에 자신이 배달어플을 키고 먹을 음식과 디저트를 찾는 자신의 모습을 발견하게 된다.
17,취업준비7,인지,1,공통 시나리오 - Scene 1,백설은 자격증 시험을 준비하며 문제를 반복해서 풀고 있지만 점수가 쉽게 오르지 않는다.
17,취업준비7,인지,2,공통 시나리오 - Scene 2,"틀렸던 문제를 다시 틀리고, 공부한 내용도 막상 문제로 나오면 잘 떠오르지 않는다. 시간을 들이고 있는데도 실력이 쌓이지 않는 것 같아 공부를 계속하는 것이 버겁게 느껴진다."
17,취업준비7,인지,3,세부 시나리오(인지) - Scene 1,"백설은 틀린 문제를 볼 때마다 왜 같은 내용을 또 틀렸는지 계속 분석한다. 공부 시간이 부족했는지, 방법이 잘못되었는지, 자신에게 이 시험이 맞지 않는지 생각이 꼬인다."
17,취업준비7,인지,4,세부 시나리오(인지) - Scene 2,"문제를 복습하려고 해도 점수가 오르지 않는 이유를 찾는 데 더 오래 머무르게 된다. 또 자격증을 요구하는 사회가 싫다는 생각이 끊임없이 떠오르게 된다. 사회를 비판하게 되면서, 또 다시 문제를 들여다본다."
17,취업준비7,정서,1,공통 시나리오 - Scene 1,백설은 자격증 시험을 준비하며 문제를 반복해서 풀고 있지만 점수가 쉽게 오르지 않는다.
17,취업준비7,정서,2,공통 시나리오 - Scene 2,"틀렸던 문제를 다시 틀리고, 공부한 내용도 막상 문제로 나오면 잘 떠오르지 않는다. 시간을 들이고 있는데도 실력이 쌓이지 않는 것 같아 공부를 계속하는 것이 버겁게 느껴진다."
17,취업준비7,정서,3,세부 시나리오(정서) - Scene 1,백설은 공부한 만큼 점수가 오르지 않자 답답하고 무력한 기분이 든다. 불안하고 속상하지만 정확히 어떤 마음인지 정리되지 않아 그냥 짜증이 난다고 느낀다.
17,취업준비7,정서,4,세부 시나리오(정서) - Scene 2,"주변에서 더 열심히 하면 된다고 말하면, 위로보다는 압박처럼 느껴져 예민해진다. 짜증은 나아지지 않고 솟구치기만 한다."
17,취업준비7,행동,1,공통 시나리오 - Scene 1,백설은 자격증 시험을 준비하며 문제를 반복해서 풀고 있지만 점수가 쉽게 오르지 않는다.
17,취업준비7,행동,2,공통 시나리오 - Scene 2,"틀렸던 문제를 다시 틀리고, 공부한 내용도 막상 문제로 나오면 잘 떠오르지 않는다. 시간을 들이고 있는데도 실력이 쌓이지 않는 것 같아 공부를 계속하는 것이 버겁게 느껴진다."
17,취업준비7,행동,3,세부 시나리오(행동) - Scene 1,"백설은 틀린 문제를 다시 봐야 한다는 것을 알지만, 같은 부분을 마주하는 것이 싫어 복습을 미룬다. 쉬운 단원이나 이미 아는 내용만 반복해서 보거나, 공부 계획표를 다시 만드는 데 시간을 쓴다."
17,취업준비7,행동,4,세부 시나리오(행동) - Scene 2,시험이 가까워지면 급하게 문제를 많이 풀지만 오답 정리는 충분히 하지 못한다. 그러다가 다른 단원을 공부하고 싶어진다.
18,취업준비8,인지,1,공통 시나리오 - Scene 1,"백설은 자기소개서를 작성하고 있지만, 문장을 쓸 때마다 부족해 보이고 마음에 들지 않는다."
18,취업준비8,인지,2,공통 시나리오 - Scene 2,"지원동기와 강점을 적으려 해도 뻔하게 느껴지고, 조금 고쳤다 싶으면 다시 처음부터 마음에 걸리는 부분이 보인다. 제출 기한은 다가오지만 완성했다는 확신이 들지 않는다."
18,취업준비8,인지,3,세부 시나리오(인지) - Scene 1,"백설은 자기소개서 문장을 쓸 때마다 표현이 부족한지, 너무 평범한지, 평가자가 어떻게 읽을지 계속 생각한다."
18,취업준비8,인지,4,세부 시나리오(인지) - Scene 2,"한 문장을 고치면 다른 문장이 마음에 걸리고, 지원동기와 강점이 설득력 있는지 계속 의심하게 된다. 결국 완성보다 판단과 수정에 더 오래 머무르게 된다."
18,취업준비8,정서,1,공통 시나리오 - Scene 1,"백설은 자기소개서를 작성하고 있지만, 문장을 쓸 때마다 부족해 보이고 마음에 들지 않는다."
18,취업준비8,정서,2,공통 시나리오 - Scene 2,"지원동기와 강점을 적으려 해도 뻔하게 느껴지고, 조금 고쳤다 싶으면 다시 처음부터 마음에 걸리는 부분이 보인다. 제출 기한은 다가오지만 완성했다는 확신이 들지 않는다."
18,취업준비8,정서,3,세부 시나리오(정서) - Scene 1,백설은 자기소개서를 볼 때마다 답답하고 자신감이 떨어진다.
18,취업준비8,정서,4,세부 시나리오(정서) - Scene 2,"자신을 소개해야 하는 글인데 쓸 만한 강점이 없는 것처럼 느껴져 민망하고 불편하다. 하지만 그 감정을 인정하기 싫어 그냥 하기 싫은 일이라고 넘기거나, 주변에서 첨삭을 권하면 괜히 예민하게 반응한다."
18,취업준비8,행동,1,공통 시나리오 - Scene 1,"백설은 자기소개서를 작성하고 있지만, 문장을 쓸 때마다 부족해 보이고 마음에 들지 않는다."
18,취업준비8,행동,2,공통 시나리오 - Scene 2,"지원동기와 강점을 적으려 해도 뻔하게 느껴지고, 조금 고쳤다 싶으면 다시 처음부터 마음에 걸리는 부분이 보인다. 제출 기한은 다가오지만 완성했다는 확신이 들지 않는다."
18,취업준비8,행동,3,세부 시나리오(행동) - Scene 1,"백설은 자기소개서 파일을 열어놓고도 문장을 조금 고치다 멈추기를 반복한다. 제목이나 문장 순서처럼 작은 부분만 계속 수정하고, 핵심내용은 미루기만 한다."
18,취업준비8,행동,4,세부 시나리오(행동) - Scene 2,"서류 제출 기한이 가까워진 뒤에야 급하게 마무리하고, 제출 직전까지 파일을 열었다 닫으며 확신 없이 제출한다. 그러다 갑자기 부모님이 며칠 전 부탁한 것이 떠올라서 급하게 처리한다."
19,취업준비9,인지,1,공통 시나리오 - Scene 1,"백설은 채용 사이트를 열어 여러 공고를 살펴보지만, 자격요건과 우대사항을 읽을수록 자신이 지원해도 되는지 확신이 서지 않는다."
19,취업준비9,인지,2,공통 시나리오 - Scene 2,"관심 있는 공고는 많지만 조건이 부족해 보이고, 조건이 맞는 공고는 끌리지 않는다. 결국 여러 탭만 열어둔 채 지원 결정을 미루게 된다."
19,취업준비9,인지,3,세부 시나리오(인지) - Scene 1,"백설은 채용공고를 볼 때마다 자격요건과 우대사항을 하나씩 따져본다. 지원 가능성이 있는지, 떨어지면 시간 낭비가 아닐지, 더 나은 공고가 나올지 계속 계산한다."
19,취업준비9,인지,4,세부 시나리오(인지) - Scene 2,"판단 기준이 많아질수록 오히려 결정이 어려워지고, 여러 공고를 비교하다가 아무것도 선택하지 못한다. 자신의 스펙은 왜 이렇게 부족한 것인지 생각만 하게 된다."
19,취업준비9,정서,1,공통 시나리오 - Scene 1,"백설은 채용 사이트를 열어 여러 공고를 살펴보지만, 자격요건과 우대사항을 읽을수록 자신이 지원해도 되는지 확신이 서지 않는다."
19,취업준비9,정서,2,공통 시나리오 - Scene 2,"관심 있는 공고는 많지만 조건이 부족해 보이고, 조건이 맞는 공고는 끌리지 않는다. 결국 여러 탭만 열어둔 채 지원 결정을 미루게 된다."
19,취업준비9,정서,3,세부 시나리오(정서) - Scene 1,백설은 공고를 볼수록 불안하고 위축된다.
19,취업준비9,정서,4,세부 시나리오(정서) - Scene 2,"조건을 읽을 때마다 자신이 부족한 사람처럼 느껴지지만, 그 감정을 마주하기 싫어 “어차피 다 비슷해”라고 넘기려 한다. 누군가 빨리 지원해보라고 말하면 조언인 줄 알면서도 압박으로 느껴져 짜증이 난다."
19,취업준비9,행동,1,공통 시나리오 - Scene 1,"백설은 채용 사이트를 열어 여러 공고를 살펴보지만, 자격요건과 우대사항을 읽을수록 자신이 지원해도 되는지 확신이 서지 않는다."
19,취업준비9,행동,2,공통 시나리오 - Scene 2,"관심 있는 공고는 많지만 조건이 부족해 보이고, 조건이 맞는 공고는 끌리지 않는다. 결국 여러 탭만 열어둔 채 지원 결정을 미루게 된다."
19,취업준비9,행동,3,세부 시나리오(행동) - Scene 1,"백설은 관심 있는 공고를 여러 개 저장해두지만 실제 지원 버튼은 누르지 못한다. 공고 탭만 계속 열어두고, 조건을 다시 확인하거나 회사 후기를 찾아보며 시간을 보낸다."
19,취업준비9,행동,4,세부 시나리오(행동) - Scene 2,"결국 마감 직전에 급하게 지원하거나, 준비가 덜 되었다는 이유로 지원을 넘기게 된다. 그러다가 떡볶이가 먹고싶어진다."
20,취업준비10,인지,1,공통 시나리오 - Scene 1,"백설은 아침에 일어나 공부하고, 자기소개서를 쓰고, 채용공고를 확인하겠다는 계획을 세운다."
20,취업준비10,인지,2,공통 시나리오 - Scene 2,"하지만 막상 하루가 시작되면 휴대폰을 보거나 다른 일을 하다 시간이 지나가고, 계획한 일을 다 끝내지 못한 채 하루가 마무리된다. 다음 날 다시 잘해보려 하지만 비슷한 패턴이 반복된다."
20,취업준비10,인지,3,세부 시나리오(인지) - Scene 1,"백설은 하루 계획이 무너질 때마다 어디서부터 잘못됐는지 생각한다. 아침에 늦게 일어난 것, 휴대폰을 오래 본 것, 계획을 너무 많이 세운 것 등을 따져보며 다음에는 더 완벽한 루틴을 만들어야 한다고 생각한다."
20,취업준비10,인지,4,세부 시나리오(인지) - Scene 2,"하지만 계획을 분석할수록 실제 시작은 더 늦어진다. 명확한 이유가 있는 것도 아니면서, 자꾸 원인을 찾게 된다. 왜 그럴까?."
20,취업준비10,정서,1,공통 시나리오 - Scene 1,"백설은 아침에 일어나 공부하고, 자기소개서를 쓰고, 채용공고를 확인하겠다는 계획을 세운다."
20,취업준비10,정서,2,공통 시나리오 - Scene 2,"하지만 막상 하루가 시작되면 휴대폰을 보거나 다른 일을 하다 시간이 지나가고, 계획한 일을 다 끝내지 못한 채 하루가 마무리된다. 다음 날 다시 잘해보려 하지만 비슷한 패턴이 반복된다."
20,취업준비10,정서,3,세부 시나리오(정서) - Scene 1,"백설은 계획한 일을 끝내지 못한 날마다 죄책감과 무기력감을 느낀다. 하지만 그 감정을 오래 느끼기 싫어 “오늘은 컨디션이 안 좋았던 거야”라고 넘기거나, 아무렇지 않은 척한다."
20,취업준비10,정서,4,세부 시나리오(정서) - Scene 2,그러다 가족이나 친구가 오늘 뭐 했냐고 물으면 괜히 방어적으로 반응한다. 근데 마음 한 켠에서 자꾸 불편한 마음이 올라온다. 나는 단 한번도 무언가를 제대로 끝을 내본 적이 없구나.
20,취업준비10,행동,1,공통 시나리오 - Scene 1,"백설은 아침에 일어나 공부하고, 자기소개서를 쓰고, 채용공고를 확인하겠다는 계획을 세운다."
20,취업준비10,행동,2,공통 시나리오 - Scene 2,"하지만 막상 하루가 시작되면 휴대폰을 보거나 다른 일을 하다 시간이 지나가고, 계획한 일을 다 끝내지 못한 채 하루가 마무리된다. 다음 날 다시 잘해보려 하지만 비슷한 패턴이 반복된다."
20,취업준비10,행동,3,세부 시나리오(행동) - Scene 1,"백설은 다음 날부터 다시 잘해보려고 계획표를 새로 만들지만, 막상 시작 시간이 되면 휴대폰을 보거나 쉬운 일부터 하며 미룬다."
20,취업준비10,행동,4,세부 시나리오(행동) - Scene 2,해야 할 일을 떠올릴수록 부담이 커져 책상 정리나 자료 정리처럼 덜 부담스러운 행동으로 빠진다. 하루가 끝날 무렵에야 급하게 몇 가지를 처리한다.
21,연인1,인지,1,공통 시나리오 - Scene 1,백설은 아침에 연인에게 짧은 연락을 받은 뒤 하루 종일 추가 연락을 받지 못한다.
21,연인1,인지,2,공통 시나리오 - Scene 2,"바쁜 하루였을 수 있다는 것은 알지만, 시간이 지날수록 휴대폰을 자꾸 확인하게 되고 자신만 기다리는 것 같은 기분이 든다."
21,연인1,인지,3,세부 시나리오(인지) - Scene 1,"백설은 연인이 왜 연락을 하지 않는지 계속 이유를 찾는다. 일이 바쁜 건지, 자신에게 마음이 식은 건지, 혹은 자신이 너무 연락에 집착하는 건지 여러 가능성을 떠올린다."
21,연인1,인지,4,세부 시나리오(인지) - Scene 2,시간이 지날수록 단순한 연락 문제를 관계 전체의 문제처럼 해석하게 된다. 자신이 섭섭하게 한 행동이 있는지도 떠올려본다.
21,연인1,정서,1,공통 시나리오 - Scene 1,백설은 아침에 연인에게 짧은 연락을 받은 뒤 하루 종일 추가 연락을 받지 못한다.
21,연인1,정서,2,공통 시나리오 - Scene 2,"바쁜 하루였을 수 있다는 것은 알지만, 시간이 지날수록 휴대폰을 자꾸 확인하게 되고 자신만 기다리는 것 같은 기분이 든다."
21,연인1,정서,3,세부 시나리오(정서) - Scene 1,"백설은 서운함과 불안함이 올라오지만, 자신이 정확히 무엇 때문에 힘든지 잘 정리되지 않는다."
21,연인1,정서,4,세부 시나리오(정서) - Scene 2,"괜찮은 척하려 하지만 마음은 점점 가라앉고, 연인이 뒤늦게 연락했을 때 반갑기보다 쿨한척 대답해보지만, 나도 모르게 은근히 연인에게 불편함을 전달하게 된다."
21,연인1,행동,1,공통 시나리오 - Scene 1,백설은 아침에 연인에게 짧은 연락을 받은 뒤 하루 종일 추가 연락을 받지 못한다.
21,연인1,행동,2,공통 시나리오 - Scene 2,"바쁜 하루였을 수 있다는 것은 알지만, 시간이 지날수록 휴대폰을 자꾸 확인하게 되고 자신만 기다리는 것 같은 기분이 든다."
21,연인1,행동,3,세부 시나리오(행동) - Scene 1,"연인은 한참뒤에 답이 왔다. 백설은 메시지가 온 것을 확인했지만, 바로 답하지 않는다."
21,연인1,행동,4,세부 시나리오(행동) - Scene 2,"일부로 알림을 꺼두기도 하였다. 마음을 가라앉히려고 다른 일을 시작하지만 집중하지 못하고, 결국 참다 못해 짧고 차가운 메시지를 보내게 된다."
22,연인2,인지,1,공통 시나리오 - Scene 1,"연인은 친한 이성친구와 둘이 밥을 먹기로 했다고 말한다. 특별한 일이 아니라는 듯 이야기하지만, 백설은 그 말을 듣고 마음이 편하지 않다."
22,연인2,인지,2,공통 시나리오 - Scene 2,"믿지 못하는 사람이 되고 싶지는 않지만, 신경 쓰이는 마음도 쉽게 사라지지 않는다. 왜 나랑 미리 상의해주지 않은 거지 라는 생각이 든다."
22,연인2,인지,3,세부 시나리오(인지) - Scene 1,"백설은 둘이 얼마나 친한지, 왜 굳이 단둘이 먹는지, 자신이 불편해하는 게 합리적인지 계속 스스로 따져본다."
22,연인2,인지,4,세부 시나리오(인지) - Scene 2,"질투하는 사람처럼 보이고 싶지 않아 스스로를 설득하려 하지만, 생각할수록 연인의 말과 상황을 더 세세하게 해석하게 된다."
22,연인2,정서,1,공통 시나리오 - Scene 1,"연인은 친한 이성친구와 둘이 밥을 먹기로 했다고 말한다. 특별한 일이 아니라는 듯 이야기하지만, 백설은 그 말을 듣고 마음이 편하지 않다."
22,연인2,정서,2,공통 시나리오 - Scene 2,"믿지 못하는 사람이 되고 싶지는 않지만, 신경 쓰이는 마음도 쉽게 사라지지 않는다. 왜 나랑 미리 상의해주지 않은 거지 라는 생각이 든다."
22,연인2,정서,3,세부 시나리오(정서) - Scene 1,"백설은 질투, 서운함, 불안함이 섞여 올라오지만 그런 감정을 인정하기가 싫다. 쿨한 척 “다녀와”라고 말하지만 마음은 편하지 않고, 이후 연인이 별일 아니라는 듯 말하면 괜히 말투가 딱딱해진다."
22,연인2,정서,4,세부 시나리오(정서) - Scene 2,"편하지 않은 마음은 계속 지속된다. 연인과 이성친구와 즐겁게 노는 상상이 되면서, 불편한 마음은 더욱 커져만 간다."
22,연인2,행동,1,공통 시나리오 - Scene 1,"연인은 친한 이성친구와 둘이 밥을 먹기로 했다고 말한다. 특별한 일이 아니라는 듯 이야기하지만, 백설은 그 말을 듣고 마음이 편하지 않다."
22,연인2,행동,2,공통 시나리오 - Scene 2,"믿지 못하는 사람이 되고 싶지는 않지만, 신경 쓰이는 마음도 쉽게 사라지지 않는다. 왜 나랑 미리 상의해주지 않은 거지 라는 생각이 든다."
22,연인2,행동,3,세부 시나리오(행동) - Scene 1,"백설은 연인에게 더 묻고 싶지만 캐묻는 것처럼 보일까 봐 질문을 멈춘다. 대신 SNS나 이전 대화를 확인하거나, 그 시간대에 연인의 연락 여부를 계속 살핀다."
22,연인2,행동,4,세부 시나리오(행동) - Scene 2,"불편함이 커지면 먼저 연락하지 않고 거리를 두려 한다. 그러다가 친구의 연락이 오면 또 즐겁게 놀았다가, 또 연인의 프로필 사진을 보며 다시 또 기분이 안 좋아지기를 반복한다. 갑자기 해야 할 일이 생각나서 방에 나설 준비를 한다."
23,연인3,인지,1,공통 시나리오 - Scene 1,연인은 이성친구가 포함된 술자리에 간다고 말한다.
23,연인3,인지,2,공통 시나리오 - Scene 2,"누구와 가는지, 몇 시에 끝나는지, 얼마나 마실 건지 궁금하지만 너무 캐묻는 사람처럼 보일까 봐 망설이게 된다. 백설은 괜찮다고 말하면서도 그날 밤 내내 마음이 불편하다."
23,연인3,인지,3,세부 시나리오(인지) - Scene 1,"백설은 술자리가 왜 이렇게 신경 쓰이는지 계속 생각한다. 술자리라는 상황이 문제인지, 이성친구가 있다는 점이 문제인지, 연인을 믿지 못하는 자신이 문제인지 따져본다."
23,연인3,인지,4,세부 시나리오(인지) - Scene 2,그러다 연애에서 어디까지 허용해야 하는지에 대한 기준을 계속 고민하게 된다. 계속 고민하게 될수록 자신의 부족함이 보이게 된다. 백설은 왜 이렇게 피곤한건지 모르겠다.
23,연인3,정서,1,공통 시나리오 - Scene 1,연인은 이성친구가 포함된 술자리에 간다고 말한다.
23,연인3,정서,2,공통 시나리오 - Scene 2,"누구와 가는지, 몇 시에 끝나는지, 얼마나 마실 건지 궁금하지만 너무 캐묻는 사람처럼 보일까 봐 망설이게 된다. 백설은 괜찮다고 말하면서도 그날 밤 내내 마음이 불편하다."
23,연인3,정서,3,세부 시나리오(정서) - Scene 1,"백설은 불안하고 초조하지만, 그 감정을 드러내면 집착하는 사람처럼 보일까 봐 참는다."
23,연인3,정서,4,세부 시나리오(정서) - Scene 2,"시간이 늦어질수록 마음이 진정되지 않고, 연인이 연락을 늦게 하면 걱정과 서운함이 한꺼번에 올라와 짜증 섞인 반응을 보이게 된다."
23,연인3,행동,1,공통 시나리오 - Scene 1,연인은 이성친구가 포함된 술자리에 간다고 말한다.
23,연인3,행동,2,공통 시나리오 - Scene 2,"누구와 가는지, 몇 시에 끝나는지, 얼마나 마실 건지 궁금하지만 너무 캐묻는 사람처럼 보일까 봐 망설이게 된다. 백설은 괜찮다고 말하면서도 그날 밤 내내 마음이 불편하다."
23,연인3,행동,3,세부 시나리오(행동) - Scene 1,"백설은 연인에게 연락하고 싶지만 참다가, 결국 짧은 메시지를 보낸다."
23,연인3,행동,4,세부 시나리오(행동) - Scene 2,답장이 늦으면 휴대폰을 계속 확인하거나 일부러 답장을 늦게 하며 거리를 둔다. 다음 날에는 아무 일 없던 것처럼 행동하려 하지만 대화를 피하게 된다.
24,연인4,인지,1,공통 시나리오 - Scene 1,"백설은 연인에게 서운했던 일을 이야기하지만, 연인은 왜 그렇게 느꼈는지, 어떤 점이 문제인지 계속 논리적으로 묻는다."
24,연인4,인지,2,공통 시나리오 - Scene 2,"백설은 틀린 말을 했다는 느낌보다 자신의 마음이 검증받는 것처럼 느껴지고, 연인 사이의 감정이 옳고 그름의 문제로 바뀌는 것 같아 답답하다."
24,연인4,인지,3,세부 시나리오(인지) - Scene 1,"백설은 자신이 한 말이 논리적으로 부족했는지, 감정 표현이 과했는지 계속 되짚는다. 연인의 질문에 맞춰 설명하려다 보니 정작 자신이 느낀 서운함보다 ‘내 말이 타당했는가’에 더 집중하게 된다."
24,연인4,인지,4,세부 시나리오(인지) - Scene 2,"결국 마음을 나누려던 대화가 혼자 해명하는 일처럼 느껴진다. 그러면서도 자신이 보인 부족함에 대해 생각을 하게 된다. '왜 나는 감정적 호소에만 집중하게 되는걸까?', 백설은 자신의 부족함이 오늘따라 더 크게 보인다."
24,연인4,정서,1,공통 시나리오 - Scene 1,"백설은 연인에게 서운했던 일을 이야기하지만, 연인은 왜 그렇게 느꼈는지, 어떤 점이 문제인지 계속 논리적으로 묻는다."
24,연인4,정서,2,공통 시나리오 - Scene 2,"백설은 틀린 말을 했다는 느낌보다 자신의 마음이 검증받는 것처럼 느껴지고, 연인 사이의 감정이 옳고 그름의 문제로 바뀌는 것 같아 답답하다."
24,연인4,정서,3,세부 시나리오(정서) - Scene 1,"백설은 답답하고 서운하지만, 대화가 길어질수록 자신이 무시당하는 느낌을 받는다. 처음에는 차분히 말하려 하지만 감정이 쌓이면서 “그게 중요한 게 아니잖아”라고 날카롭게 반응한다."
24,연인4,정서,4,세부 시나리오(정서) - Scene 2,이후에는 더 말해봤자 이해받지 못할 것 같아 감정을 닫아버린다. 집에 돌아가는 시간까지 백설은 좀처럼 마음을 달래지 못한다.
24,연인4,행동,1,공통 시나리오 - Scene 1,"백설은 연인에게 서운했던 일을 이야기하지만, 연인은 왜 그렇게 느꼈는지, 어떤 점이 문제인지 계속 논리적으로 묻는다."
24,연인4,행동,2,공통 시나리오 - Scene 2,"백설은 틀린 말을 했다는 느낌보다 자신의 마음이 검증받는 것처럼 느껴지고, 연인 사이의 감정이 옳고 그름의 문제로 바뀌는 것 같아 답답하다."
24,연인4,행동,3,세부 시나리오(행동) - Scene 1,백설은 대화를 이어가다가 갑자기 말을 멈추거나 자리를 피한다.
24,연인4,행동,4,세부 시나리오(행동) - Scene 2,"더 설명하는 것이 지쳐 휴대폰을 보거나 다른 일을 하며 대화를 중단하고, 이후 연인이 다시 이야기하자고 해도 바로 응하지 않는다. 백설은 혼란스러움을 느끼는 도중, 친구의 연락이 와서 친구와 대화를 하며 환기를 시킨다."
25,연인5,인지,1,공통 시나리오 - Scene 1,처음 만났을 때와 달리 연인은 데이트할 때 옷차림이나 외모에 점점 신경을 덜 쓰는 것처럼 보인다.
25,연인5,인지,2,공통 시나리오 - Scene 2,"백설은 편해진 관계라고 생각하려 하지만, 자신을 만나는 일이 예전만큼 특별하지 않은 것처럼 느껴져 속상하다."
25,연인5,인지,3,세부 시나리오(인지) - Scene 1,"백설은 연인이 정말 편해진 것인지, 자신을 덜 신경 쓰는 것인지 계속 비교한다. 예전 데이트 때의 모습과 지금의 모습을 떠올리며 마음이 식은 신호는 아닌지 해석한다."
25,연인5,인지,4,세부 시나리오(인지) - Scene 2,사소한 옷차림 문제였던 것이 점점 관계의 애정 문제처럼 느껴진다. 그러면서도 백설은 스스로 연인을 믿지 못하고 의심을 하게 되는 자신의 모습이 마음에 들지 않기 시작한다. 상황을 곡해하지 않고 있는 그대로 보고 싶은 백설이다.
25,연인5,정서,1,공통 시나리오 - Scene 1,처음 만났을 때와 달리 연인은 데이트할 때 옷차림이나 외모에 점점 신경을 덜 쓰는 것처럼 보인다.
25,연인5,정서,2,공통 시나리오 - Scene 2,"백설은 편해진 관계라고 생각하려 하지만, 자신을 만나는 일이 예전만큼 특별하지 않은 것처럼 느껴져 속상하다."
25,연인5,정서,3,세부 시나리오(정서) - Scene 1,"백설은 서운하고 민망하지만, 외모나 옷차림을 지적하는 사람이 되고 싶지 않아 감정을 참는다. 하지만 마음속에는 “나를 만나는 게 그렇게 편해졌나”라는 허전함이 남고, 연인이 별일 아니라는 듯 행동하면 말투가 차가워진다."
25,연인5,정서,4,세부 시나리오(정서) - Scene 2,"속상한 마음은 연인을 볼때마다 떠오르는데, 감정이 휘몰아치기 바쁘다. 빨리 감정을 어떻게 하고 싶다."
25,연인5,행동,1,공통 시나리오 - Scene 1,처음 만났을 때와 달리 연인은 데이트할 때 옷차림이나 외모에 점점 신경을 덜 쓰는 것처럼 보인다.
25,연인5,행동,2,공통 시나리오 - Scene 2,"백설은 편해진 관계라고 생각하려 하지만, 자신을 만나는 일이 예전만큼 특별하지 않은 것처럼 느껴져 속상하다."
25,연인5,행동,3,세부 시나리오(행동) - Scene 1,백설은 직접 말하지 못하고 연인의 옷차림이나 머리를 계속 살피게 된다. 데이트 중에도 기분이 풀리지 않아 대답이 짧아지거나 사진 찍기를 피한다.
25,연인5,행동,4,세부 시나리오(행동) - Scene 2,"나중에는 은근히 옷이나 미용실 이야기를 꺼내며 돌려 말하게 된다. 그러다 이렇게 돌려서 말하는 자신의 모습이 창피스럽기만 하다. 갑자기 짜증이 솟구치면서, 연인에게 화장실에 다녀오겠다고 말한 후 자리를 박차고 나간다."
26,연인6,인지,1,공통 시나리오 - Scene 1,백설은 힘든 일이 있을 때마다 연인에게 먼저 연락하고 위로를 바라게 된다.
26,연인6,인지,2,공통 시나리오 - Scene 2,"처음에는 자연스러운 의지라고 생각했지만, 시간이 지날수록 자신의 기분이 연인의 반응에 크게 흔들리는 것 같아 불안해진다. 힘든일이 있을 때 사람에게 의존하는 자신의 모습이 나약하기만 한 것 같다."
26,연인6,인지,3,세부 시나리오(인지) - Scene 1,백설은 자신이 연인에게 너무 의존적인 사람인지 계속 생각한다.
26,연인6,인지,4,세부 시나리오(인지) - Scene 2,"위로를 바라는 것이 자연스러운지, 아니면 부담을 주는 것인지 판단하려고 한다. 연인의 답장 속도나 말투를 보며 자신이 얼마나 중요한 사람인지 확인하려는 생각으로 이어진다."
26,연인6,정서,1,공통 시나리오 - Scene 1,백설은 힘든 일이 있을 때마다 연인에게 먼저 연락하고 위로를 바라게 된다.
26,연인6,정서,2,공통 시나리오 - Scene 2,"처음에는 자연스러운 의지라고 생각했지만, 시간이 지날수록 자신의 기분이 연인의 반응에 크게 흔들리는 것 같아 불안해진다. 힘든일이 있을 때 사람에게 의존하는 자신의 모습이 나약하기만 한 것 같다."
26,연인6,정서,3,세부 시나리오(정서) - Scene 1,"백설은 외롭고 불안하지만, 그런 마음을 인정하면 자신이 약한 사람처럼 느껴진다."
26,연인6,정서,4,세부 시나리오(정서) - Scene 2,"위로받고 싶은 마음과 부담 주기 싫은 마음이 부딪히면서 감정이 복잡해지고, 연인이 충분히 반응해주지 않으면 서운함이 크게 올라온다."
26,연인6,행동,1,공통 시나리오 - Scene 1,백설은 힘든 일이 있을 때마다 연인에게 먼저 연락하고 위로를 바라게 된다.
26,연인6,행동,2,공통 시나리오 - Scene 2,"처음에는 자연스러운 의지라고 생각했지만, 시간이 지날수록 자신의 기분이 연인의 반응에 크게 흔들리는 것 같아 불안해진다. 힘든일이 있을 때 사람에게 의존하는 자신의 모습이 나약하기만 한 것 같다."
26,연인6,행동,3,세부 시나리오(행동) - Scene 1,백설은 힘들 때마다 연인에게 메시지를 보내려다가 지우기를 반복한다.
26,연인6,행동,4,세부 시나리오(행동) - Scene 2,"참아보려고 연락을 줄이지만 결국 마음이 불안해져 다시 연락하게 되고, 답장이 늦으면 다른 일에 집중하지 못한 채 휴대폰만 확인한다."
27,연인7,인지,1,공통 시나리오 - Scene 1,"백설은 연인에게 먼저 만나자고 말하는 일이 많아졌다고 느낀다. 연인이 거절하는 것은 아니지만, 먼저 데이트를 제안하거나 보고 싶다고 표현하는 일은 줄어든 것 같다."
27,연인7,인지,2,공통 시나리오 - Scene 2,"백설은 자신만 관계를 유지하려고 애쓰는 것 같은 기분이 든다. 자신만 연인과 함께하는 시간이 즐겁고 의미가 있는 것일까 생각이 들면서, 이내 씁쓸해진다."
27,연인7,인지,3,세부 시나리오(인지) - Scene 1,"백설은 최근 데이트 약속을 누가 먼저 잡았는지, 누가 더 자주 보고 싶다고 했는지 떠올려본다. 숫자로 따질 문제는 아니라고 생각하면서도 관계의 균형이 맞는지 계속 계산하게 된다."
27,연인7,인지,4,세부 시나리오(인지) - Scene 2,점점 “내가 먼저 말하지 않으면 이 관계는 유지될까?”라는 생각으로 이어진다. 이런 생각을 하는 자신의 모습이 마음에 들지 않는다.
27,연인7,정서,1,공통 시나리오 - Scene 1,"백설은 연인에게 먼저 만나자고 말하는 일이 많아졌다고 느낀다. 연인이 거절하는 것은 아니지만, 먼저 데이트를 제안하거나 보고 싶다고 표현하는 일은 줄어든 것 같다."
27,연인7,정서,2,공통 시나리오 - Scene 2,"백설은 자신만 관계를 유지하려고 애쓰는 것 같은 기분이 든다. 자신만 연인과 함께하는 시간이 즐겁고 의미가 있는 것일까 생각이 들면서, 이내 씁쓸해진다."
27,연인7,정서,3,세부 시나리오(정서) - Scene 1,"백설은 서운하고 외롭지만, 먼저 만나자고 하는 자신이 초라해 보일까 봐 감정을 숨긴다."
27,연인7,정서,4,세부 시나리오(정서) - Scene 2,"연인이 무심하게 반응하면 속상함이 쌓이고, 결국 ""00이도 바쁠텐데, 우리 이제 서로 바쁘지 않고 여유로운 날에 보든가 하자. ""라고 하게 된다."
27,연인7,행동,1,공통 시나리오 - Scene 1,"백설은 연인에게 먼저 만나자고 말하는 일이 많아졌다고 느낀다. 연인이 거절하는 것은 아니지만, 먼저 데이트를 제안하거나 보고 싶다고 표현하는 일은 줄어든 것 같다."
27,연인7,행동,2,공통 시나리오 - Scene 2,"백설은 자신만 관계를 유지하려고 애쓰는 것 같은 기분이 든다. 자신만 연인과 함께하는 시간이 즐겁고 의미가 있는 것일까 생각이 들면서, 이내 씁쓸해진다."
27,연인7,행동,3,세부 시나리오(행동) - Scene 1,백설은 일부러 먼저 만나자는 말을 하지 않고 연인이 먼저 연락하길 기다린다.
27,연인7,행동,4,세부 시나리오(행동) - Scene 2,"하지만 기다리는 동안 휴대폰을 계속 확인하고, 기대만큼 반응이 없으면 대화를 줄이거나 약속 제안을 미루며 거리를 둔다."
28,연인8,인지,1,공통 시나리오 - Scene 1,연인은 요즘 피곤하다는 이유로 연락이 줄고 답장도 늦어진다.
28,연인8,인지,2,공통 시나리오 - Scene 2,"백설은 일이 힘든 것을 이해하려고 하지만, 대화가 짧아질수록 자신이 연애에서 밀려나는 것처럼 느껴진다. 그럴 거면 왜 연애를 하는지 묻고 싶은 마음이 든다."
28,연인8,인지,3,세부 시나리오(인지) - Scene 1,"백설은 연인이 정말 피곤한 건지, 아니면 관계에 소홀해진 건지 계속 해석한다."
28,연인8,인지,4,세부 시나리오(인지) - Scene 2,"피곤하다는 말이 반복될수록 이전보다 달라진 연락 패턴을 비교하게 되고, 자신이 우선순위에서 밀려난 것은 아닌지 생각한다."
28,연인8,정서,1,공통 시나리오 - Scene 1,연인은 요즘 피곤하다는 이유로 연락이 줄고 답장도 늦어진다.
28,연인8,정서,2,공통 시나리오 - Scene 2,"백설은 일이 힘든 것을 이해하려고 하지만, 대화가 짧아질수록 자신이 연애에서 밀려나는 것처럼 느껴진다. 그럴 거면 왜 연애를 하는지 묻고 싶은 마음이 든다."
28,연인8,정서,3,세부 시나리오(정서) - Scene 1,"백설은 이해하고 싶은 마음과 서운한 마음이 동시에 올라온다. 처음에는 참아보지만, 연락이 계속 줄어들자 외로움과 분노가 쌓인다."
28,연인8,정서,4,세부 시나리오(정서) - Scene 2,연인이 뒤늦게 답하면 반갑기보다 “맨날 피곤하대”라는 마음이 먼저 올라온다. 섭섭한 마음은 하루가 지나가는 동안에도 여전한 것 같다.
28,연인8,행동,1,공통 시나리오 - Scene 1,연인은 요즘 피곤하다는 이유로 연락이 줄고 답장도 늦어진다.
28,연인8,행동,2,공통 시나리오 - Scene 2,"백설은 일이 힘든 것을 이해하려고 하지만, 대화가 짧아질수록 자신이 연애에서 밀려나는 것처럼 느껴진다. 그럴 거면 왜 연애를 하는지 묻고 싶은 마음이 든다."
28,연인8,행동,3,세부 시나리오(행동) - Scene 1,백설은 연인의 답장이 늦어지면 자신도 답장을 늦게 하거나 대화를 짧게 끝낸다.
28,연인8,행동,4,세부 시나리오(행동) - Scene 2,"먼저 연락하고 싶은 마음을 참고 다른 일을 하려 하지만 집중하지 못한다. 결국 감정이 쌓인 뒤 연인은 백설에게 대화를 요청했지만, 백설은 불편한 마음에 대화를 피한다."
29,연인9,인지,1,공통 시나리오 - Scene 1,연인은 평일 내내 일하느라 지쳤다며 주말에는 쉬고 싶어 한다.
29,연인9,인지,2,공통 시나리오 - Scene 2,"백설은 연인이 피곤한 것을 알지만, 자신은 주말을 기다리며 데이트를 기대해왔기 때문에 서운함이 생긴다. 쉬고 싶은 마음과 만나고 싶은 마음 사이에서 자신이 너무 요구가 많은 사람인지 고민하게 된다."
29,연인9,인지,3,세부 시나리오(인지) - Scene 1,백설은 자신이 서운해할 만한 상황인지 계속 판단한다.
29,연인9,인지,4,세부 시나리오(인지) - Scene 2,"연인이 피곤한 것은 사실이지만, 연인이라면 시간을 내야 하는 것 아닌지 생각한다. 그러다 자신이 이해심 없는 사람인지, 아니면 연인이 관계에 노력을 덜 하는 것인지 계속 따지게 된다."
29,연인9,정서,1,공통 시나리오 - Scene 1,연인은 평일 내내 일하느라 지쳤다며 주말에는 쉬고 싶어 한다.
29,연인9,정서,2,공통 시나리오 - Scene 2,"백설은 연인이 피곤한 것을 알지만, 자신은 주말을 기다리며 데이트를 기대해왔기 때문에 서운함이 생긴다. 쉬고 싶은 마음과 만나고 싶은 마음 사이에서 자신이 너무 요구가 많은 사람인지 고민하게 된다."
29,연인9,정서,3,세부 시나리오(정서) - Scene 1,"백설은 서운하고 외롭지만, 피곤한 사람에게 뭐라고 하는 것이 미안해서 감정을 억누른다."
29,연인9,정서,4,세부 시나리오(정서) - Scene 2,"그러나 주말이 반복해서 혼자 보내는 시간처럼 느껴지자 속상함이 커지고, 연인이 쉬고 싶다고 말할 때마다 짜증이 섞여 나온다."
29,연인9,행동,1,공통 시나리오 - Scene 1,연인은 평일 내내 일하느라 지쳤다며 주말에는 쉬고 싶어 한다.
29,연인9,행동,2,공통 시나리오 - Scene 2,"백설은 연인이 피곤한 것을 알지만, 자신은 주말을 기다리며 데이트를 기대해왔기 때문에 서운함이 생긴다. 쉬고 싶은 마음과 만나고 싶은 마음 사이에서 자신이 너무 요구가 많은 사람인지 고민하게 된다."
29,연인9,행동,3,세부 시나리오(행동) - Scene 1,"백설은 만나고 싶다는 말을 참다가, 일부러 주말 약속 이야기를 꺼내지 않는다."
29,연인9,행동,4,세부 시나리오(행동) - Scene 2,"대신 연인이 먼저 제안하길 기다리거나, 서운한 마음에 연락을 줄인다. 그러다 답답함이 커지면 갑자기 데이트 문제를 한꺼번에 꺼내게 된다."
30,연인10,인지,1,공통 시나리오 - Scene 1,"백설은 둘 사이의 기념일이나 특별한 날을 챙기고 싶어 하지만, 연인은 별일 아닌 것처럼 가볍게 넘긴다."
30,연인10,인지,2,공통 시나리오 - Scene 2,"바쁘거나 무심했을 수 있다는 것은 알지만, 자신만 관계의 의미를 더 크게 생각하는 것 같아 마음이 허전해진다."
30,연인10,인지,3,세부 시나리오(인지) - Scene 1,"백설은 연인이 기념일을 잊은 것이 단순한 실수인지, 자신과의 관계를 가볍게 여기는 신호인지 계속 생각한다. 기념일을 중요하게 여기는 자신의 기준이 과한 것인지도 따져본다."
30,연인10,인지,4,세부 시나리오(인지) - Scene 2,그러다 둘이 관계를 생각하는 온도가 다르다는 결론으로 이어진다. 이렇게 생각하려고 하는 자신의 모습이 너무 싫다. 그냥 단순하게 살고 싶다.
30,연인10,정서,1,공통 시나리오 - Scene 1,"백설은 둘 사이의 기념일이나 특별한 날을 챙기고 싶어 하지만, 연인은 별일 아닌 것처럼 가볍게 넘긴다."
30,연인10,정서,2,공통 시나리오 - Scene 2,"바쁘거나 무심했을 수 있다는 것은 알지만, 자신만 관계의 의미를 더 크게 생각하는 것 같아 마음이 허전해진다."
30,연인10,정서,3,세부 시나리오(정서) - Scene 1,"백설은 기대했던 만큼 실망도 크지만, 기념일 때문에 서운하다고 말하는 자신이 유치해 보일까 봐 감정을 숨긴다."
30,연인10,정서,4,세부 시나리오(정서) - Scene 2,"괜찮다고 말하면서도 마음은 허전하고, 연인이 대수롭지 않게 넘기면 서운함이 짜증으로 바뀐다."
30,연인10,행동,1,공통 시나리오 - Scene 1,"백설은 둘 사이의 기념일이나 특별한 날을 챙기고 싶어 하지만, 연인은 별일 아닌 것처럼 가볍게 넘긴다."
30,연인10,행동,2,공통 시나리오 - Scene 2,"바쁘거나 무심했을 수 있다는 것은 알지만, 자신만 관계의 의미를 더 크게 생각하는 것 같아 마음이 허전해진다."
30,연인10,행동,3,세부 시나리오(행동) - Scene 1,"백설은 기념일 이야기를 먼저 꺼내지 않거나, 반대로 연인이 알아차리길 바라며 은근히 힌트를 준다."
30,연인10,행동,4,세부 시나리오(행동) - Scene 2,"기대가 충족되지 않으면 대화를 줄이거나 차갑게 반응하고, 이후에는 자신도 챙기지 않겠다며 거리를 두려 한다. 그러다가 연인과 통화를 하면서 풀어야겠다는 생각이 들어, 통화를 건다."
31,일상1,인지,1,공통 시나리오 - Scene 1,"아침에는 분명 계획이 있었지만, 휴대폰을 보고 작은 집안일을 하다 보니 시간이 훌쩍 지나 있다."
31,일상1,인지,2,공통 시나리오 - Scene 2,"해야 할 일은 그대로 남아 있고, 하루가 끝날 때쯤 “오늘 뭐 한 거지?”라는 기분이 든다."
31,일상1,인지,3,세부 시나리오(인지) - Scene 1,백설은 하루가 끝날 때쯤 자신이 왜 계획대로 움직이지 못했는지 계속 따져본다.
31,일상1,인지,4,세부 시나리오(인지) - Scene 2,"아침에 휴대폰을 본 것이 문제였는지, 집안일을 먼저 한 것이 문제였는지 생각하며 다음에는 더 완벽한 계획을 세워야 한다고 생각한다. 하지만 생각이 많아질수록 오늘 하루를 제대로 쓰지 못했다는 느낌이 커진다."
31,일상1,정서,1,공통 시나리오 - Scene 1,"아침에는 분명 계획이 있었지만, 휴대폰을 보고 작은 집안일을 하다 보니 시간이 훌쩍 지나 있다."
31,일상1,정서,2,공통 시나리오 - Scene 2,"해야 할 일은 그대로 남아 있고, 하루가 끝날 때쯤 “오늘 뭐 한 거지?”라는 기분이 든다."
31,일상1,정서,3,세부 시나리오(정서) - Scene 1,백설은 해야 할 일을 못 했다는 생각에 죄책감과 허탈함을 느낀다.
31,일상1,정서,4,세부 시나리오(정서) - Scene 2,그런데 그 감정이 너무 불편해서 “오늘은 그냥 컨디션이 안 좋았던 거야”라고 넘기려 한다. 그러면서도 마음 한쪽에는 자신이 또 하루를 망쳤다는 무거운 기분이 남아 있다.
31,일상1,행동,1,공통 시나리오 - Scene 1,"아침에는 분명 계획이 있었지만, 휴대폰을 보고 작은 집안일을 하다 보니 시간이 훌쩍 지나 있다."
31,일상1,행동,2,공통 시나리오 - Scene 2,"해야 할 일은 그대로 남아 있고, 하루가 끝날 때쯤 “오늘 뭐 한 거지?”라는 기분이 든다."
31,일상1,행동,3,세부 시나리오(행동) - Scene 1,백설은 늦은 시간이 되어서야 갑자기 할 일을 만회하려고 여러 일을 한꺼번에 시작한다.
31,일상1,행동,4,세부 시나리오(행동) - Scene 2,"계획표를 다시 만들고, 책상 정리를 하고, 필요한 자료를 열어두지만 정작 중요한 일은 조금씩만 건드린다. 결국 다음 날부터 다시 제대로 하겠다며 새로운 계획을 세운다."
32,일상2,인지,1,공통 시나리오 - Scene 1,"약속 시간은 알고 있었지만 준비를 시작하는 시간이 늦어지고, 나갈 때가 되어서야 필요한 물건을 찾느라 허둥댄다."
32,일상2,인지,2,공통 시나리오 - Scene 2,"결국 또 늦게 도착하고, 상대에게 미안함과 민망함을 느낀다."
32,일상2,인지,3,세부 시나리오(인지) - Scene 1,"백설은 약속에 늦은 뒤 자신이 어느 순간부터 시간이 밀렸는지 머릿속으로 계산한다. 준비를 몇 시에 시작했어야 했는지, 어떤 물건을 미리 챙겼어야 했는지 되짚으며 다음에는 더 정확하게 움직여야 한다고 생각한다."
32,일상2,인지,4,세부 시나리오(인지) - Scene 2,하지만 늦었다는 사실보다 “왜 나는 시간을 알면서도 늘 이렇게 되는지”에 오래 머무르게 된다. 어차피 정답도 없는 것을 알지만 계속 원인을 찾게 된다.
32,일상2,정서,1,공통 시나리오 - Scene 1,"약속 시간은 알고 있었지만 준비를 시작하는 시간이 늦어지고, 나갈 때가 되어서야 필요한 물건을 찾느라 허둥댄다."
32,일상2,정서,2,공통 시나리오 - Scene 2,"결국 또 늦게 도착하고, 상대에게 미안함과 민망함을 느낀다."
32,일상2,정서,3,세부 시나리오(정서) - Scene 1,백설은 약속 장소에 늦게 도착하면서 미안함과 민망함을 느낀다.
32,일상2,정서,4,세부 시나리오(정서) - Scene 2,"상대가 괜찮다고 해도 속으로는 자신이 한심하게 보였을 것 같아 불편하다. 그 감정을 바로 표현하기 어려워 괜히 더 밝게 행동하거나, 반대로 위축되어 말수가 줄어든다."
32,일상2,행동,1,공통 시나리오 - Scene 1,"약속 시간은 알고 있었지만 준비를 시작하는 시간이 늦어지고, 나갈 때가 되어서야 필요한 물건을 찾느라 허둥댄다."
32,일상2,행동,2,공통 시나리오 - Scene 2,"결국 또 늦게 도착하고, 상대에게 미안함과 민망함을 느낀다."
32,일상2,행동,3,세부 시나리오(행동) - Scene 1,"백설은 늦지 않으려고 급하게 움직이다가 필요한 물건을 빠뜨리거나, 이동 중에도 계속 시간을 확인한다."
32,일상2,행동,4,세부 시나리오(행동) - Scene 2,"도착 후에는 미안한 마음에 상대에게 커피를 사거나 더 맞춰주려 한다. 다음 약속부터는 알람을 여러 개 맞추거나 준비물을 미리 적어두지만, 막상 당일에는 다시 준비 순서가 흐트러질 수 있다는 생각에 또 막막해진다."
33,일상3,인지,1,공통 시나리오 - Scene 1,"방을 정리하려고 시작했지만, 옷을 개다 서랍을 정리하고, 서랍을 정리하다 오래된 물건을 보게 된다."
33,일상3,인지,2,공통 시나리오 - Scene 2,"처음 하려던 정리는 끝나지 않고, 방은 오히려 더 어수선해진다."
33,일상3,인지,3,세부 시나리오(인지) - Scene 1,백설은 방을 둘러보며 어디서부터 잘못된 건지 생각한다.
33,일상3,인지,4,세부 시나리오(인지) - Scene 2,"옷장부터 정리했어야 했는지, 책상부터 치웠어야 했는지 계속 기준을 세우려 하지만, 정리할 범위가 점점 크게 느껴진다. 결국 “나는 왜 간단한 정리도 끝까지 못 하지?”라는 생각과 “어차피 정리는 해도 금방 다시 어질러져”라는 생각이 교차로 든다."
33,일상3,정서,1,공통 시나리오 - Scene 1,"방을 정리하려고 시작했지만, 옷을 개다 서랍을 정리하고, 서랍을 정리하다 오래된 물건을 보게 된다."
33,일상3,정서,2,공통 시나리오 - Scene 2,"처음 하려던 정리는 끝나지 않고, 방은 오히려 더 어수선해진다."
33,일상3,정서,3,세부 시나리오(정서) - Scene 1,"백설은 처음에는 의욕이 있었지만, 방이 더 어질러진 것을 보고 답답함과 짜증을 느낀다. 정리를 못 끝낸 자신이 민망하고 불편하지만, 그 감정을 인정하기 싫어 잠깐 쉬면 된다고 넘기려 한다."
33,일상3,정서,4,세부 시나리오(정서) - Scene 2,그러나 어수선한 방을 볼 때마다 마음이 더 무거워진다. 왠지 모를 찜찜함과 답답함이 계속 간다. 얼른 치워야야하나?.
33,일상3,행동,1,공통 시나리오 - Scene 1,"방을 정리하려고 시작했지만, 옷을 개다 서랍을 정리하고, 서랍을 정리하다 오래된 물건을 보게 된다."
33,일상3,행동,2,공통 시나리오 - Scene 2,"처음 하려던 정리는 끝나지 않고, 방은 오히려 더 어수선해진다."
33,일상3,행동,3,세부 시나리오(행동) - Scene 1,백설은 한 가지를 끝내기 전에 다른 물건으로 주의가 옮겨가며 여러 정리를 동시에 시작한다.
33,일상3,행동,4,세부 시나리오(행동) - Scene 2,"옷을 개다가 서랍을 열고, 서랍을 정리하다 오래된 물건을 살펴보는 식으로 행동이 계속 바뀐다. 나중에는 큰 박스에 물건을 한꺼번에 넣어두거나, 눈에 보이는 부분만 급하게 치우며 정리를 마무리하려 한다."
34,일상4,인지,1,공통 시나리오 - Scene 1,"분명 어딘가에 둔 것 같은데 카드, 이어폰, 카드 같은 물건이 보이지 않는다."
34,일상4,인지,2,공통 시나리오 - Scene 2,"찾느라 시간이 지체되고, 결국 해야 할 일이나 약속까지 영향을 받는다."
34,일상4,인지,3,세부 시나리오(인지) - Scene 1,백설은 물건을 어디에 두었는지 기억해내려고 자신의 동선을 계속 되짚는다.
34,일상4,인지,4,세부 시나리오(인지) - Scene 2,"방금 가방에 넣었는지, 책상 위에 뒀는지, 현관에서 내려놨는지 생각하지만 기억이 선명하지 않다. 찾는 시간이 길어질수록 “분명 여기에 둔 것 같은데 왜 없지?”라는 생각에 갇히고, 해야 할 일보다 물건의 행방에 더 신경이 쏠린다."
34,일상4,정서,1,공통 시나리오 - Scene 1,"분명 어딘가에 둔 것 같은데 카드, 이어폰, 카드 같은 물건이 보이지 않는다."
34,일상4,정서,2,공통 시나리오 - Scene 2,"찾느라 시간이 지체되고, 결국 해야 할 일이나 약속까지 영향을 받는다."
34,일상4,정서,3,세부 시나리오(정서) - Scene 1,백설은 물건이 보이지 않자 초조하고 답답해진다.
34,일상4,정서,4,세부 시나리오(정서) - Scene 2,"처음에는 침착하려 하지만 시간이 지날수록 짜증이 올라오고, 사소한 물건 하나 때문에 또 흔들리는 자신이 불편하게 느껴진다. 높은 수준의 초조함과 긴장감으로 해야 할 일이 신경도 안 쓰이게 된다."
34,일상4,행동,1,공통 시나리오 - Scene 1,"분명 어딘가에 둔 것 같은데 카드, 이어폰, 카드 같은 물건이 보이지 않는다."
34,일상4,행동,2,공통 시나리오 - Scene 2,"찾느라 시간이 지체되고, 결국 해야 할 일이나 약속까지 영향을 받는다."
34,일상4,행동,3,세부 시나리오(행동) - Scene 1,"백설은 가방과 책상, 옷 주머니를 반복해서 뒤진다."
34,일상4,행동,4,세부 시나리오(행동) - Scene 2,"이미 확인한 곳도 다시 확인하고, 찾는 중간에 다른 물건을 정리하다가 시간이 더 지체된다. 이후에는 물건을 잃어버리지 않으려고 현관 앞에 바구니를 두거나 위치추적 태그를 찾아보는 등 즉각적인 해결 행동을 시도하겠다고 다짐한다."
35,일상5,인지,1,공통 시나리오 - Scene 1,큰돈을 쓴 것 같지는 않은데 통장 잔액이 예상보다 적다.
35,일상5,인지,2,공통 시나리오 - Scene 2,"결제 내역을 보면 자잘한 소비가 쌓여 있고, 계획 없이 쓴 자신에게 현타가 온다."
35,일상5,인지,3,세부 시나리오(인지) - Scene 1,백설은 결제 내역을 보며 어디서 돈이 많이 나갔는지 하나씩 따져본다.
35,일상5,인지,4,세부 시나리오(인지) - Scene 2,"큰 소비는 없었다고 생각했는데 작은 지출이 쌓인 것을 보고, 자신의 소비 기준이 느슨했던 것은 아닌지 계속 계산한다. 그러다 단순한 지출 문제가 아니라 자신이 계획성과 절제력이 부족한 사람처럼 느껴진다."
35,일상5,정서,1,공통 시나리오 - Scene 1,큰돈을 쓴 것 같지는 않은데 통장 잔액이 예상보다 적다.
35,일상5,정서,2,공통 시나리오 - Scene 2,"결제 내역을 보면 자잘한 소비가 쌓여 있고, 계획 없이 쓴 자신에게 현타가 온다."
35,일상5,정서,3,세부 시나리오(정서) - Scene 1,백설은 통장 잔액을 보고 허탈함과 불안감을 느낀다.
35,일상5,정서,4,세부 시나리오(정서) - Scene 2,"돈을 모으지 못했다는 사실이 부끄럽고, 경제적으로 아직 불안정하다는 느낌이 올라온다. 하지만 그 감정을 오래 느끼기 싫어 결제 내역을 더 보지 않거나, “이번 달만 어쩔 수 없었어”라고 넘기려 한다."
35,일상5,행동,1,공통 시나리오 - Scene 1,큰돈을 쓴 것 같지는 않은데 통장 잔액이 예상보다 적다.
35,일상5,행동,2,공통 시나리오 - Scene 2,"결제 내역을 보면 자잘한 소비가 쌓여 있고, 계획 없이 쓴 자신에게 현타가 온다."
35,일상5,행동,3,세부 시나리오(행동) - Scene 1,"백설은 갑자기 소비를 줄이기 위해 가계부 앱을 설치하고 예산표를 만든다. 자잘한 구독 서비스를 해지하거나 카드 사용 알림을 켜는 등 즉각적인 조치를 하지만, 스트레스를 받으면 다시 작은 소비로 기분을 달래려 한다."
35,일상5,행동,4,세부 시나리오(행동) - Scene 2,이후 잔액을 보고 다시 절약 계획을 세우는 패턴이 반복된다. 그러다가 배달 음식 어플을 켜서 무엇을 먹으면 좋을지 찾아본다.
36,일상6,인지,1,공통 시나리오 - Scene 1,"백설은 하루를 알차게 보내고 싶어 오전에는 운동, 점심에는 친구와 약속, 오후에는 공부, 저녁에는 미뤄둔 일을 처리하는 식으로 일정을 촘촘하게 잡아둔다."
36,일상6,인지,2,공통 시나리오 - Scene 2,"처음에는 제한된 시간 안에서 최대한 많은 일을 해내고 싶었지만, 막상 하루가 시작되자 이동 시간과 준비 시간, 중간에 생기는 작은 변수들이 예상보다 크게 느껴진다. 한 가지 일정이 조금만 늦어져도 뒤의 계획이 줄줄이 밀리고, 백설은 열심히 하려고 했을 뿐인데 하루 종일 쫓기고 있는 기분이 든다."
36,일상6,인지,3,세부 시나리오(인지) - Scene 1,백설은 하루 일정을 촘촘히 짠 이유와 실제로 틀어진 지점을 계속 비교한다.
36,일상6,인지,4,세부 시나리오(인지) - Scene 2,"이동 시간, 준비 시간, 쉬는 시간을 왜 충분히 계산하지 못했는지 따져보며 다음에는 더 효율적으로 짜야 한다고 생각한다. 하지만 계획을 분석할수록 작은 변수 하나에도 전체가 무너질 수 있다는 생각이 커져 더 예민해진다."
36,일상6,정서,1,공통 시나리오 - Scene 1,"백설은 하루를 알차게 보내고 싶어 오전에는 운동, 점심에는 친구와 약속, 오후에는 공부, 저녁에는 미뤄둔 일을 처리하는 식으로 일정을 촘촘하게 잡아둔다."
36,일상6,정서,2,공통 시나리오 - Scene 2,"처음에는 제한된 시간 안에서 최대한 많은 일을 해내고 싶었지만, 막상 하루가 시작되자 이동 시간과 준비 시간, 중간에 생기는 작은 변수들이 예상보다 크게 느껴진다. 한 가지 일정이 조금만 늦어져도 뒤의 계획이 줄줄이 밀리고, 백설은 열심히 하려고 했을 뿐인데 하루 종일 쫓기고 있는 기분이 든다."
36,일상6,정서,3,세부 시나리오(정서) - Scene 1,백설은 열심히 하려고 했을 뿐인데 하루가 계속 밀리는 상황에서 압박감과 짜증을 느낀다.
36,일상6,정서,4,세부 시나리오(정서) - Scene 2,"계획이 하나씩 틀어질 때마다 불안이 올라오지만, 그 감정을 인정하기보다 “빨리 처리하면 돼”라고 자신을 몰아붙인다. 결국 사소한 지연에도 감정이 크게 흔들리고, 자신이 너무 버거운 하루를 만든 것 같아 허탈해진다."
36,일상6,행동,1,공통 시나리오 - Scene 1,"백설은 하루를 알차게 보내고 싶어 오전에는 운동, 점심에는 친구와 약속, 오후에는 공부, 저녁에는 미뤄둔 일을 처리하는 식으로 일정을 촘촘하게 잡아둔다."
36,일상6,행동,2,공통 시나리오 - Scene 2,"처음에는 제한된 시간 안에서 최대한 많은 일을 해내고 싶었지만, 막상 하루가 시작되자 이동 시간과 준비 시간, 중간에 생기는 작은 변수들이 예상보다 크게 느껴진다. 한 가지 일정이 조금만 늦어져도 뒤의 계획이 줄줄이 밀리고, 백설은 열심히 하려고 했을 뿐인데 하루 종일 쫓기고 있는 기분이 든다."
36,일상6,행동,3,세부 시나리오(행동) - Scene 1,"백설은 밀린 일정을 만회하려고 이동 중에도 메시지를 보내고, 밥을 빨리 먹고, 다음 할 일을 동시에 확인한다. 한 일정이 늦어지면 뒤의 계획을 즉석에서 다시 조정하고, 여러 약속 사이를 분주하게 이동한다."
36,일상6,행동,4,세부 시나리오(행동) - Scene 2,"이동하는 시간에도 친구의 연락에 수십번 휴대폰을 확인하며 답장을 하고, 틈틈히 사진도 찍는다. 백설은 오롯한 쉬는 시간 없이 계속 움직이다가 중요한 준비물을 놓치거나, 마지막 일정에서는 에너지가 떨어져 집중하지 못하는 자신이 유난히 버겁게 느껴진다."
37,일상7,인지,1,공통 시나리오 - Scene 1,"백설은 사고 싶은 물건이 생기면 며칠 더 고민하기보다 바로 결제하고 싶어진다. 당장은 꼭 필요하고, 지금 사지 않으면 후회할 것처럼 느껴진다."
37,일상7,인지,2,공통 시나리오 - Scene 2,이번 달에는 돈을 모으기로 했지만 작은 소비가 반복되면서 저축하려던 금액은 점점 줄어든다. 월말에 통장 잔액을 확인한 백설은 자신이 또 충동적으로 돈을 썼다는 사실에 허탈함을 느낀다.
37,일상7,인지,3,세부 시나리오(인지) - Scene 1,백설은 사고 싶은 물건을 발견하면 왜 지금 사야 하는지 이유를 빠르게 찾는다.
37,일상7,인지,4,세부 시나리오(인지) - Scene 2,"할인 중이라서, 곧 품절될 것 같아서, 요즘 자신에게 필요해서라는 생각이 이어진다. 나중에 생각해보자는 마음도 있지만, 시간이 지나면 기회를 놓칠 것 같다는 생각이 더 커진다."
37,일상7,정서,1,공통 시나리오 - Scene 1,"백설은 사고 싶은 물건이 생기면 며칠 더 고민하기보다 바로 결제하고 싶어진다. 당장은 꼭 필요하고, 지금 사지 않으면 후회할 것처럼 느껴진다."
37,일상7,정서,2,공통 시나리오 - Scene 2,이번 달에는 돈을 모으기로 했지만 작은 소비가 반복되면서 저축하려던 금액은 점점 줄어든다. 월말에 통장 잔액을 확인한 백설은 자신이 또 충동적으로 돈을 썼다는 사실에 허탈함을 느낀다.
37,일상7,정서,3,세부 시나리오(정서) - Scene 1,"백설은 물건을 살 때는 설렘과 기대감이 크게 올라온다. 하지만 결제 후에는 잠시 기분이 좋아졌다가, 저축 계획이 무너졌다는 생각에 허탈함과 죄책감이 따라온다."
37,일상7,정서,4,세부 시나리오(정서) - Scene 2,"그 감정이 불편해서 결제 내역을 자세히 보지 않거나, 이번 소비는 어쩔 수 없었다고 스스로를 달래려 한다. 그러고선, 자신은 왜 이렇게 물질주의적인지 모르겠다며 짜증이 솟구친다."
37,일상7,행동,1,공통 시나리오 - Scene 1,"백설은 사고 싶은 물건이 생기면 며칠 더 고민하기보다 바로 결제하고 싶어진다. 당장은 꼭 필요하고, 지금 사지 않으면 후회할 것처럼 느껴진다."
37,일상7,행동,2,공통 시나리오 - Scene 2,이번 달에는 돈을 모으기로 했지만 작은 소비가 반복되면서 저축하려던 금액은 점점 줄어든다. 월말에 통장 잔액을 확인한 백설은 자신이 또 충동적으로 돈을 썼다는 사실에 허탈함을 느낀다.
37,일상7,행동,3,세부 시나리오(행동) - Scene 1,"백설은 후기를 충분히 비교하기 전에 장바구니에 담고 바로 결제한다. 비슷한 상품을 여러 개 저장하거나, 관련 추천 상품까지 이어서 살펴보며 소비 흐름이 커진다."
37,일상7,행동,4,세부 시나리오(행동) - Scene 2,"이후에는 지출을 만회하려고 갑자기 절약 계획을 세우거나, 다음 달부터는 절대 안 사겠다고 다짐한다. 그러다가 컴퓨터를 켜서 가계부를 써야겠다며 엑셀 프로그램을 실행한다."
38,일상8,인지,1,공통 시나리오 - Scene 1,"백설은 어느 날 갑자기 하고 싶은 머리 스타일이 생긴다. 마음에 든 사진을 보고 나니 빨리 바꾸고 싶어져, 꼼꼼하게 후기를 찾아보거나 충분히 상담할 시간을 갖기보다 당장 예약 가능한 미용실을 찾는다."
38,일상8,인지,2,공통 시나리오 - Scene 2,"시술을 받는 동안에는 기대가 크지만, 막상 결과는 자신이 원했던 분위기와 다르다. 백설은 조금만 더 알아보고 갔으면 좋았을 텐데 하는 아쉬움을 느낀다."
38,일상8,인지,3,세부 시나리오(인지) - Scene 1,"백설은 마음에 드는 머리 사진을 본 뒤 그 스타일을 하면 기분이 확 달라질 것 같다고 생각한다. 충분히 알아보고 가야 한다는 것도 알지만, 지금 바꾸고 싶은 마음이 강해서 “어느 미용실이든 사진만 잘 보여주면 되겠지”라고 판단한다."
38,일상8,인지,4,세부 시나리오(인지) - Scene 2,결과가 마음에 들지 않으면 왜 더 찾아보지 않았는지 뒤늦게 계속 생각하게 된다. 그럼에도 자신이 원하는대로 나오지 않은 디자인이 짜증난다.
38,일상8,정서,1,공통 시나리오 - Scene 1,"백설은 어느 날 갑자기 하고 싶은 머리 스타일이 생긴다. 마음에 든 사진을 보고 나니 빨리 바꾸고 싶어져, 꼼꼼하게 후기를 찾아보거나 충분히 상담할 시간을 갖기보다 당장 예약 가능한 미용실을 찾는다."
38,일상8,정서,2,공통 시나리오 - Scene 2,"시술을 받는 동안에는 기대가 크지만, 막상 결과는 자신이 원했던 분위기와 다르다. 백설은 조금만 더 알아보고 갔으면 좋았을 텐데 하는 아쉬움을 느낀다."
38,일상8,정서,3,세부 시나리오(정서) - Scene 1,"백설은 새로운 스타일을 떠올리며 기대감과 설렘을 크게 느낀다. 하지만 결과가 생각과 다르게 나오면 실망감이 빠르게 커지고, 거울을 볼 때마다 속상함이 올라온다."
38,일상8,정서,4,세부 시나리오(정서) - Scene 2,"괜찮다고 넘기려 하지만 마음이 쉽게 가라앉지 않고, 자신이 너무 성급했다는 민망함도 느낀다. 자신의 조급함이 너무나도 싫은 하루이다."
38,일상8,행동,1,공통 시나리오 - Scene 1,"백설은 어느 날 갑자기 하고 싶은 머리 스타일이 생긴다. 마음에 든 사진을 보고 나니 빨리 바꾸고 싶어져, 꼼꼼하게 후기를 찾아보거나 충분히 상담할 시간을 갖기보다 당장 예약 가능한 미용실을 찾는다."
38,일상8,행동,2,공통 시나리오 - Scene 2,"시술을 받는 동안에는 기대가 크지만, 막상 결과는 자신이 원했던 분위기와 다르다. 백설은 조금만 더 알아보고 갔으면 좋았을 텐데 하는 아쉬움을 느낀다."
38,일상8,행동,3,세부 시나리오(행동) - Scene 1,백설은 당장 되돌릴 수 있다면 좋겠다는 생각을 한다. 곧장 예약 가능한 미용실을 빠르게 찾아 예약한다.
38,일상8,행동,4,세부 시나리오(행동) - Scene 2,"후기를 꼼꼼히 비교하거나 상담을 충분히 하기보다, 가능한 시간과 위치를 우선으로 결정한다. 시술 후 마음에 들지 않으면 바로 다른 스타일을 검색하거나, 수정 가능한 곳을 찾으며 다시 즉각적인 해결 행동으로 넘어간다. 그런데 이 선택도 백설에게 도움이 될까? 혼란스럽기만 하다."
39,일상9,인지,1,공통 시나리오 - Scene 1,"백설은 비 오는 날마다 우산을 챙겨 나가지만, 비가 그치고 나면 우산의 존재를 금방 잊어버린다. 카페 의자 옆, 지하철 손잡이 근처, 강의실이나 사무실 한쪽에 두고 나온 뒤에야 뒤늦게 기억난다."
39,일상9,인지,2,공통 시나리오 - Scene 2,"결국 우산을 새로 사는 일이 반복되고, 집에는 비슷한 우산이 있다가도 어느 순간 또 없어져 있다. 백설은 사소한 물건 하나도 계속 놓치는 자신이 답답하게 느껴진다."
39,일상9,인지,3,세부 시나리오(인지) - Scene 1,"백설은 우산을 또 잃어버린 뒤 자신이 마지막으로 어디에 두었는지 계속 떠올린다. 카페였는지, 지하철이었는지, 강의실이었는지 생각하지만 정확히 기억나지 않는다."
39,일상9,인지,4,세부 시나리오(인지) - Scene 2,같은 일이 반복되자 왜 비가 그치면 우산의 존재를 잊는지 스스로 이해가 되지 않아 답답해진다. 물건을 소홀히 한 적도 없는데 자꾸 잃어버리는 자신이 너무 싫다.
39,일상9,정서,1,공통 시나리오 - Scene 1,"백설은 비 오는 날마다 우산을 챙겨 나가지만, 비가 그치고 나면 우산의 존재를 금방 잊어버린다. 카페 의자 옆, 지하철 손잡이 근처, 강의실이나 사무실 한쪽에 두고 나온 뒤에야 뒤늦게 기억난다."
39,일상9,정서,2,공통 시나리오 - Scene 2,"결국 우산을 새로 사는 일이 반복되고, 집에는 비슷한 우산이 있다가도 어느 순간 또 없어져 있다. 백설은 사소한 물건 하나도 계속 놓치는 자신이 답답하게 느껴진다."
39,일상9,정서,3,세부 시나리오(정서) - Scene 1,"백설은 우산 하나를 또 잃어버렸다는 사실에 짜증과 허탈함을 느낀다. 큰일은 아니라고 생각하려 하지만, 반복해서 새로 사야 하는 상황이 민망하고 스스로에게 화가 난다."
39,일상9,정서,4,세부 시나리오(정서) - Scene 2,누군가 “또 잃어버렸어?”라고 말하면 가볍게 넘기려 해도 속으로는 위축된다. 자꾸 이렇게 효율적이지 않은 소비를 이어야 한다는 생각에 치가 떨린다. 불편한 마음은 집에 돌아가서도 계속된다.
39,일상9,행동,1,공통 시나리오 - Scene 1,"백설은 비 오는 날마다 우산을 챙겨 나가지만, 비가 그치고 나면 우산의 존재를 금방 잊어버린다. 카페 의자 옆, 지하철 손잡이 근처, 강의실이나 사무실 한쪽에 두고 나온 뒤에야 뒤늦게 기억난다."
39,일상9,행동,2,공통 시나리오 - Scene 2,"결국 우산을 새로 사는 일이 반복되고, 집에는 비슷한 우산이 있다가도 어느 순간 또 없어져 있다. 백설은 사소한 물건 하나도 계속 놓치는 자신이 답답하게 느껴진다."
39,일상9,행동,3,세부 시나리오(행동) - Scene 1,"백설은 우산이 없어진 것을 알게 되면 처음에는 급하게 주변을 뒤져보지만, 곧 찾는 일을 포기하고 가까운 편의점에서 새 우산을 산다."
39,일상9,행동,4,세부 시나리오(행동) - Scene 2,"집에 돌아와서는 이번에는 꼭 잘 챙기겠다고 생각하지만, 따로 보관 장소를 정하지 않은 채 새 우산을 아무 데나 세워둔다. 다음 비 오는 날에도 우산을 급하게 들고 나가고, 비가 그치면 다시 손에 들고 있다는 사실을 잊은 채 다른 일에 주의가 옮겨간다."
40,일상10,인지,1,공통 시나리오 - Scene 1,"백설은 해야 할 일이 있어서 책상에 앉았지만, 잠깐 알림만 확인하려고 휴대폰을 집어 든다. 메시지 하나를 확인한 뒤 SNS를 보고, 추천 영상과 쇼핑 앱까지 이어서 보게 된다."
40,일상10,인지,2,공통 시나리오 - Scene 2,"처음에는 몇 분만 쉬려고 했지만 어느새 한 시간이 지나 있고, 원래 하려던 일은 시작도 하지 못한 상태다. 백설은 시간을 허비했다는 생각에 당황하면서도, 다시 집중하려고 하면 이미 흐름이 끊겨 어디서부터 시작해야 할지 막막해진다."
40,일상10,인지,3,세부 시나리오(인지) - Scene 1,백설은 시간이 훌쩍 지난 것을 보고 어떻게 여기까지 이어졌는지 생각한다.
40,일상10,인지,4,세부 시나리오(인지) - Scene 2,"알림 하나만 보려고 했는데 왜 SNS와 영상, 쇼핑 앱까지 보게 되었는지 되짚는다. 다시 해야 할 일을 시작하려고 하지만 이미 흐름이 끊겨, 무엇부터 해야 할지 다시 판단하느라 시간이 더 걸린다."
40,일상10,정서,1,공통 시나리오 - Scene 1,"백설은 해야 할 일이 있어서 책상에 앉았지만, 잠깐 알림만 확인하려고 휴대폰을 집어 든다. 메시지 하나를 확인한 뒤 SNS를 보고, 추천 영상과 쇼핑 앱까지 이어서 보게 된다."
40,일상10,정서,2,공통 시나리오 - Scene 2,"처음에는 몇 분만 쉬려고 했지만 어느새 한 시간이 지나 있고, 원래 하려던 일은 시작도 하지 못한 상태다. 백설은 시간을 허비했다는 생각에 당황하면서도, 다시 집중하려고 하면 이미 흐름이 끊겨 어디서부터 시작해야 할지 막막해진다."
40,일상10,정서,3,세부 시나리오(정서) - Scene 1,백설은 시간을 허비했다는 생각에 당황하고 죄책감을 느낀다.
40,일상10,정서,4,세부 시나리오(정서) - Scene 2,"하지만 그 감정이 불편해서 “잠깐 쉰 것뿐이야”라고 넘기려 한다. 그래도 해야 할 일이 그대로 남아 있다는 사실 때문에 마음이 계속 불안하고, 다시 집중해야 한다는 압박감이 커진다."
40,일상10,행동,1,공통 시나리오 - Scene 1,"백설은 해야 할 일이 있어서 책상에 앉았지만, 잠깐 알림만 확인하려고 휴대폰을 집어 든다. 메시지 하나를 확인한 뒤 SNS를 보고, 추천 영상과 쇼핑 앱까지 이어서 보게 된다."
40,일상10,행동,2,공통 시나리오 - Scene 2,"처음에는 몇 분만 쉬려고 했지만 어느새 한 시간이 지나 있고, 원래 하려던 일은 시작도 하지 못한 상태다. 백설은 시간을 허비했다는 생각에 당황하면서도, 다시 집중하려고 하면 이미 흐름이 끊겨 어디서부터 시작해야 할지 막막해진다."
40,일상10,행동,3,세부 시나리오(행동) - Scene 1,"백설은 휴대폰을 내려놓아야 한다는 것을 알지만, “이것만 보고 시작하자”라고 생각하며 다음 영상이나 게시물을 계속 넘긴다."
40,일상10,행동,4,세부 시나리오(행동) - Scene 2,"해야 할 일이 떠오르면 잠깐 앱을 닫지만, 곧 다시 알림이나 추천 콘텐츠를 확인한다. 시간이 많이 지난 것을 깨달은 뒤에는 급하게 책상에 앉지만, 밀린 시간이 부담스러워 계획표를 다시 만들거나 쉬운 일만 조금 건드리다가 또 휴대폰을 집어 든다."
